# Blender 4.0.2 - runtime asset: maps/island
# www.blender.org
mtllib island.mtl
o Ground
v -12.530786 0.174997 -4.924016
v -6.341971 2.460786 8.164123
v -5.295344 2.788069 10.048235
v 14.119583 -0.400486 -7.392336
v 14.263650 0.064936 -6.128734
v -6.939033 2.040603 5.610487
v -10.779141 0.188525 -6.532797
v 14.676010 -0.354920 -3.643134
v -6.312667 2.437810 7.307951
v -12.491696 0.166927 -5.779837
v -11.986815 0.157542 16.836969
v -4.582118 2.105129 10.561980
v 5.372950 2.224359 1.999468
v 14.378178 -0.001867 -4.521537
v -10.659291 0.154294 17.909046
v 5.164369 2.346355 0.593323
v 6.784377 2.241618 1.791601
v -3.641719 1.464699 10.317782
v 8.770693 -0.295775 -10.094857
v 6.575795 2.363614 0.385456
v 10.427412 -0.340068 -10.129662
v -3.169454 2.012828 10.217917
v -2.161953 1.360213 11.212781
v -10.444697 0.166392 16.231380
v 9.735060 0.273661 -9.962209
v -11.877444 0.161808 16.074310
v 10.593273 0.427521 -9.620751
v 1.638467 2.874206 8.280275
v -10.506160 0.187477 14.679447
v 10.459752 0.521400 -9.619318
v -12.045917 0.168093 14.856110
v -1.253497 2.685928 8.523722
v 4.492586 0.181875 -9.485555
v -0.911700 2.148849 11.840865
v -12.259561 0.175639 13.590189
v -10.692330 0.265906 13.073762
v -3.575427 2.499957 7.479051
v 6.989616 -0.586422 -9.510035
v -13.659713 0.335854 2.124608
v -4.892640 3.615872 8.502590
v -4.719338 3.639834 9.935470
v -11.747884 0.600013 2.082304
v -6.257052 2.874879 5.499075
v -3.790828 2.150448 5.560317
v -5.594798 2.921299 7.016887
v -5.249957 3.056200 5.574726
v -11.658561 0.615248 0.367271
v -4.670390 2.183185 6.181858
v -4.084519 2.698895 10.450002
v -2.958106 2.805124 9.618422
v -3.660995 1.838842 3.857022
v -2.994269 2.952489 9.066261
v 4.763142 0.980359 -9.318336
v -2.268513 2.652841 8.862413
v -1.065362 3.339962 11.305415
v 7.930082 -0.206482 -10.484302
v -13.517360 0.305158 0.609971
v -0.932678 3.718616 10.416495
v -2.193041 2.934619 9.577805
v -11.467637 0.593981 -1.546314
v -4.553866 2.015567 5.074553
v 6.927170 1.247408 -9.552382
v 6.120595 2.141463 -9.278388
v 3.297764 2.924710 7.244012
v -2.188287 2.396451 3.799272
v -13.171693 0.251326 -1.695962
v -1.959114 2.583583 7.116240
v -1.612091 3.076287 5.749914
v 10.974669 -0.919379 -8.569957
v 0.101509 2.789230 8.678268
v -2.203144 2.720552 5.476571
v -0.363386 3.188529 6.890111
v -11.210191 0.470989 -3.393439
v -0.789958 2.799929 4.704990
v -2.386352 2.580293 8.006888
v -12.737185 0.186387 -3.856740
v 1.372748 2.560744 11.212444
v -3.633893 2.312397 6.417698
v 2.052011 1.363466 11.305754
v 10.776014 -0.752369 -9.498052
v -0.574159 3.528303 9.457049
v -3.795962 1.990932 4.743574
v 9.152002 0.924463 -9.786463
v -0.727595 2.779535 8.926097
v -10.978377 0.290073 -4.944779
v 0.788734 3.193640 10.813310
v -10.955848 0.330056 11.212919
v 0.764594 2.872498 9.326326
v 8.345106 2.007721 -9.466396
v 1.753048 3.454734 10.718972
v -12.705918 0.201585 11.252814
v 2.183920 3.004806 9.080634
v 7.241908 2.444593 -9.216054
v 3.580509 4.169582 9.532773
v -12.927257 0.208877 10.029311
v 3.657444 3.977974 9.015701
v 12.719666 -0.578914 -8.184930
v 11.427466 0.554564 -9.054738
v -11.184640 0.377388 9.505831
v -0.538118 3.232512 5.650542
v 10.383047 1.620802 -8.975693
v -11.432590 0.464197 7.547232
v 0.943743 4.086600 6.316251
v 9.551250 3.191934 -8.661886
v -0.013784 4.064675 4.907301
v -13.273665 0.204289 7.735690
v 0.330805 4.215557 5.694201
v 0.894614 3.536384 7.654864
v 13.270123 0.305458 -7.527874
v -11.635459 0.529895 5.557195
v 1.108656 4.161884 7.034365
v 12.036601 1.421777 -7.871045
v 1.377715 4.365381 4.714606
v -13.564664 0.254753 5.358329
v 2.135206 2.982864 6.626794
v 10.967730 2.907163 -8.290747
v -11.738296 0.559926 3.800176
v 1.652104 4.274020 5.820816
v 10.180367 3.553065 -8.233204
v -6.242900 1.989304 3.911227
v -13.672458 0.312481 3.819466
v -9.265803 0.153713 18.249126
v 1.652746 -0.038952 -8.883920
v -8.958049 0.150081 16.462116
v -4.763333 1.779566 3.222453
v -10.043143 0.207684 -6.671481
v 1.773957 1.344066 -8.620960
v -8.946883 0.252665 14.700030
v 3.963210 1.679206 -8.763217
v -9.884191 1.003726 0.277543
v 2.606146 1.618848 -8.208158
v -9.722531 0.940094 -1.566747
v 5.673695 2.464839 -8.532831
v -5.674829 2.517821 2.855146
v -9.671887 0.842328 -3.403160
v -6.172349 2.514703 2.814727
v -5.817252 2.613055 4.107926
v -9.638116 0.521087 -5.080415
v 8.146362 3.141815 -8.767754
v 0.343806 3.208989 3.699170
v -9.067498 0.430105 12.929979
v 0.506720 2.327010 3.386341
v 7.514050 3.162524 -8.245679
v -9.259479 0.653018 11.107557
v 1.674108 3.216570 3.676235
v 8.978053 4.089812 -8.590830
v -9.465249 0.868903 9.301303
v 3.525211 1.450985 11.192471
v 8.190458 5.052191 -8.109227
v 13.621807 0.926226 -6.511422
v -9.657872 1.017283 7.428946
v -9.794017 1.036023 5.548263
v 12.489827 1.983256 -6.635540
v 11.156631 3.484093 -7.433569
v -9.875693 1.042694 3.744122
v 10.187155 4.788877 -7.970405
v -9.896626 1.055303 1.972092
v 9.181410 6.172945 -7.938672
v -7.810605 0.152713 18.612259
v -7.445508 0.194865 16.736723
v 4.768402 2.127445 10.824877
v -8.003835 1.035088 -3.568254
v -8.061814 0.755598 -5.326957
v 0.718288 2.619030 -8.011427
v -8.231627 0.302213 -7.061810
v 5.389362 1.755561 5.347387
v -7.400561 0.484038 14.838526
v 5.509426 2.489219 10.251366
v 6.889731 1.865653 9.393922
v 7.065529 2.192426 8.446558
v -6.237584 0.160270 19.054840
v -7.471665 0.811591 12.969672
v -7.586978 1.071420 11.092957
v -7.713571 1.284325 9.221489
v 8.702172 4.226189 -6.348847
v 3.557984 3.134257 11.275700
v -7.854405 1.449432 7.354571
v 7.879549 5.260094 -6.988824
v -7.952153 1.456789 5.487015
v 3.927531 3.839697 10.220138
v 12.218758 2.986392 -5.311983
v 3.755431 6.152968 9.783356
v -8.017058 1.439398 3.654072
v 10.687105 3.357564 -6.563203
v 4.137197 6.090016 10.300275
v 4.467734 4.406279 8.605101
v -6.371652 0.835233 -5.622631
v 4.849143 3.293774 10.343414
v 9.864472 5.169255 -6.469312
v -6.550431 0.377559 -7.428531
v 4.632151 4.636909 10.233570
v 8.901049 6.970631 -6.586590
v 4.946217 3.376506 8.581783
v -5.928741 0.320682 17.012190
v 5.501062 3.828337 9.071778
v 5.239133 4.024203 9.679024
v 4.995774 5.503338 8.640732
v 3.823702 6.440983 8.867043
v -5.842963 0.792882 15.051462
v 4.707525 6.927528 9.395718
v 0.738199 1.574502 -7.087673
v 4.984116 6.577706 10.022978
v -6.080457 1.571960 1.452471
v 2.399443 3.472223 4.666788
v -4.845464 0.398647 -7.770609
v -5.832253 1.073176 13.096258
v -5.873239 1.292766 11.160439
v -4.629872 0.178825 19.479998
v 12.874520 3.006001 -2.288080
v 3.556221 3.198563 4.356709
v 4.766211 3.011667 7.079518
v -4.345111 0.530208 17.331888
v 14.685452 1.013636 -5.429471
v -5.885430 1.507973 9.157012
v 15.111765 0.350519 -3.372975
v 5.833884 3.148530 7.721384
v -4.533872 1.511280 0.046642
v 4.389870 2.980791 6.315715
v 15.255489 1.247216 -4.123703
v 5.547618 2.950633 6.312004
v -4.504491 1.145518 -4.068297
v 5.042633 2.890255 4.622711
v 6.650958 3.173010 9.172166
v 15.670198 2.459747 -3.649576
v 6.301552 2.978558 6.869578
v -6.014308 1.153570 -3.471119
v -4.628119 0.780215 -5.917057
v 15.415155 0.398380 -2.400167
v 15.514129 1.780606 -2.504968
v 15.434423 2.440035 -3.270793
v 15.567204 0.347181 -0.622476
v -3.093320 0.365517 -8.074087
v 14.985496 1.660632 -0.962375
v -4.215249 0.957414 15.286134
v -4.155917 1.163985 13.263245
v -0.639596 1.844408 3.954041
v 13.945724 1.537355 -5.544870
v -4.429870 1.412296 -2.200178
v 13.322472 1.921527 -5.626372
v 3.828773 3.004142 5.615958
v -2.884574 0.190110 19.785080
v 14.660838 2.563465 -4.602681
v -2.671470 0.595744 17.599386
v 13.392934 2.523195 -4.938733
v 4.378512 3.168148 5.455347
v 15.527885 2.777055 -3.780537
v 14.490846 2.844275 -2.925326
v 4.609254 3.123452 5.226904
v -2.505902 1.753298 1.487755
v 13.227902 3.144568 -3.333008
v 15.297115 2.618769 -3.324702
v -4.335940 1.693790 1.584801
v 13.598575 2.951098 -1.258590
v -2.730235 1.138035 -4.323091
v -2.863797 0.657529 -6.195679
v 13.515624 3.311405 -2.071821
v -2.579856 1.833228 3.570529
v -2.627088 1.438073 -2.411761
v -1.308308 0.191870 -8.468111
v 12.910437 0.875714 2.528872
v -2.533832 0.957321 15.496680
v -2.453654 1.147553 13.431439
v -2.562846 1.631688 -0.464236
v -1.113641 0.833916 -6.559793
v -0.991474 0.166731 19.862453
v -0.936846 0.549406 17.742168
v -4.141814 1.362921 11.275013
v 11.237698 1.896289 1.422475
v -0.814564 0.914033 15.639872
v -1.276782 1.829420 3.421458
v -0.693732 1.779338 1.449619
v -0.755242 1.657329 -0.558147
v 10.840416 1.260063 2.783953
v -0.998057 1.382862 -4.582140
v 14.712031 0.403926 0.878536
v -0.730910 1.088400 13.563030
v 14.236623 1.290277 0.611376
v 14.353846 0.449878 2.012066
v -0.701598 1.303235 11.411483
v 13.700351 1.207017 1.815489
v 13.252872 2.269823 0.355809
v 12.970031 1.747509 1.346704
v 0.897953 0.155764 19.803345
v 0.862016 0.517091 17.764479
v 0.940737 0.918372 15.710136
v 9.826565 3.639465 -5.569220
v 1.119924 1.775746 1.443907
v 7.342797 3.429970 -6.488740
v 1.048029 1.802136 -0.618247
v 0.903479 1.918506 -2.697166
v -0.843272 1.528238 -2.568722
v 0.653765 2.008626 -4.819506
v 8.119844 3.320896 -4.893607
v 2.696391 0.526795 17.712255
v 2.712854 0.954828 15.715439
v 2.947421 1.841479 1.470948
v 2.772290 0.241048 19.738615
v 2.781929 1.160232 13.687996
v 1.016138 1.094781 13.649240
v 2.886085 1.969055 -0.629000
v 2.760125 2.214780 -2.764521
v 11.186953 2.955575 -2.015026
v 2.546460 2.473839 -4.957837
v 2.612904 2.791359 -6.548985
v 3.070290 1.796012 3.620407
v 4.503033 0.599630 17.613573
v 0.379343 1.980005 -6.377399
v 4.510333 1.013574 15.663967
v 4.570171 1.250913 13.686195
v 4.770560 2.089358 -0.579643
v 4.699176 2.298760 -2.771502
v 4.630904 0.293097 19.602007
v 4.644454 1.341398 11.697199
v 4.536952 2.631493 -5.034322
v 2.343085 2.161333 -7.396299
v 6.296054 0.974354 15.560490
v 6.375381 1.198722 13.637260
v 4.798654 1.792137 3.628035
v 4.305007 2.522588 -7.455679
v 6.208199 1.368644 9.620696
v 6.640486 1.548463 5.767602
v 6.289127 0.504088 17.462893
v 6.470592 1.292783 11.694730
v 8.326677 1.094746 11.671378
v 8.444510 1.134453 9.764458
v 8.532463 1.995358 1.899045
v 6.643975 1.711571 3.741552
v 8.627184 2.395597 -0.196297
v 6.693873 2.190951 -0.447743
v 6.395497 2.812381 -7.660369
v 6.450039 0.134683 19.373610
v 8.052523 0.752455 15.400526
v 8.183512 0.996010 13.550467
v 8.515072 1.199507 7.826321
v 8.523423 1.292542 5.861263
v 8.484766 1.440629 3.872826
v 8.019608 0.332878 17.249517
v 10.381022 0.751127 9.800426
v 10.476416 0.823743 7.892693
v 10.453161 0.895849 5.945683
v 10.547058 2.560376 0.179576
v 10.840081 2.753186 -2.053303
v 8.775345 2.564104 -2.418887
v 9.972685 0.582618 13.452652
v 10.200204 0.687907 11.651881
v 10.317202 0.926722 3.988363
v 8.178600 0.038581 19.096134
v 12.440288 2.003913 0.545620
v 12.403381 0.247450 9.871692
v 12.540950 0.326584 7.967748
v 12.458941 0.363067 6.005268
v 12.222847 0.405569 4.041211
v 13.130931 2.491880 -1.534991
v 9.760967 0.457959 15.242323
v 9.661175 0.170306 17.036013
v 14.842995 0.019655 8.081348
v 14.692036 0.109791 6.023782
v 14.218132 0.119157 4.040718
v 9.799929 0.057226 18.811808
v 13.641405 0.118073 2.205478
v 12.125869 0.229401 11.676748
v 14.603517 -0.015452 10.057271
v 11.420488 0.210079 15.176061
v 11.769324 0.253191 13.442722
v 11.231480 0.105705 16.853395
v 11.244803 0.041225 18.544769
v 13.033033 0.115155 15.320871
v 13.515399 0.124943 13.706498
v 14.083485 0.030828 11.951765
v 12.456551 -0.006503 18.193888
v 12.740008 0.013202 16.860884
v 11.411932 2.874179 -4.464393
v 8.870310 3.074651 -4.671858
v 6.585614 2.959081 -4.948300
v 6.702894 2.413243 -2.666664
v 4.303179 2.030877 -7.813151
v 5.579453 2.414264 -7.768048
v 7.764489 3.410703 -7.269258
v 8.878814 3.672916 -6.466488
v 9.254480 3.649249 -6.408345
v 10.993640 2.942338 -5.942130
v 10.408998 3.188366 -6.533047
v 11.097347 2.921685 -5.442705
v 9.371997 3.652117 -6.421059
v 12.160643 2.818648 -3.697381
v 12.273598 2.812837 -3.226307
v 12.748735 2.764265 -2.444998
v 12.964846 2.724294 -2.068564
v 12.924947 0.426154 2.565679
v 12.124839 0.572227 3.179629
v 13.248292 2.065612 -0.851367
v 9.676470 3.233987 -5.177295
v 9.581769 3.459186 -5.849484
v 9.961478 3.419919 -5.744692
v 10.323927 3.263531 -5.764068
v 10.073989 3.375595 -5.615597
v 7.348376 3.143840 -6.921874
v 7.081868 3.037885 -6.664990
v 7.139652 2.970716 -6.188281
v 7.980961 3.236567 -6.352887
v 7.656606 2.998850 -5.967570
v 8.045773 3.025981 -4.740456
v 7.897456 3.016780 -5.480146
v 8.704407 3.326192 -5.653611
v 8.670328 3.190827 -5.290659
v 8.627768 3.059256 -4.950530
v 11.586095 2.831417 -2.826957
v 11.664562 2.766146 -1.949511
v 12.367383 2.816863 -2.378523
v 12.526600 2.796818 -2.256942
v 10.968216 2.709868 -1.856818
v 11.029647 2.754879 -2.012646
v 11.115027 2.785140 -2.379162
v 11.434381 2.762135 -1.973359
v 11.324304 2.757510 -1.949452
v 2.713100 2.505452 -6.829397
v 2.420855 2.473838 -6.568101
v 2.037019 2.271305 -6.333277
v 2.976820 2.544044 -6.184335
v 2.437732 2.479898 -6.351740
v 0.243884 1.520969 -6.466383
v 0.447615 1.623822 -6.489568
v 1.004692 1.761770 -6.593981
v 0.848858 1.691144 -6.572785
v 0.984310 1.755122 -6.443928
v 0.565072 1.831488 -5.701850
v 0.535785 1.808954 -5.775286
v -4.202636 1.741581 3.313824
v -3.533404 1.771944 3.363124
v -5.911817 1.622684 2.705039
v -6.306382 1.614652 7.208421
v -6.864488 1.574838 5.562375
v -6.475322 1.606191 4.322386
v -4.770041 1.454875 10.136091
v 1.135491 1.805033 3.465393
v 0.338724 1.810045 3.685043
v 4.915316 1.399351 10.264449
v 4.845151 1.760085 4.186309
v 5.463282 1.607351 6.202086
v 6.591839 1.488525 6.807462
v 5.943197 1.565427 6.323097
v 6.848693 1.361561 8.687838
v 6.788661 1.410074 7.760147
v 4.543703 2.972952 8.026144
v 3.291603 3.042692 8.959049
v 2.647914 2.893791 5.468209
v 0.853177 2.797950 7.608653
v -0.516405 2.668193 7.347468
v -1.242749 2.589195 7.371292
v -2.916829 2.628329 8.719393
v -2.559272 2.381252 6.330276
v -2.732211 2.293429 5.763361
v -2.879891 2.186819 5.276620
v -3.236682 1.974712 4.491940
v -0.119290 2.745839 8.090994
v 4.070520 1.949597 0.721158
v 4.203762 1.885221 1.521300
v 4.776696 2.050621 -0.130824
v 4.393055 1.880117 2.033053
v 4.411919 1.875776 2.111781
v 4.620453 1.827793 2.982142
v 4.798960 1.828717 2.958684
v 6.611574 2.178570 -0.361157
v 6.692958 2.181473 -0.365518
v 5.020190 2.088997 -0.407019
v 6.467588 2.170465 -0.365306
v 5.595583 1.857521 2.798457
v 5.498039 1.853994 2.818077
v 6.656650 1.824703 2.745254
v 7.474031 1.967128 1.774443
v 6.918831 1.843523 2.671499
v 6.757070 2.184228 -0.367079
v 7.078636 2.214953 -0.307353
v 7.263402 2.130364 0.279208
v 7.258648 2.132540 0.264116
v 7.546749 1.983636 1.656131
v -10.421399 0.837165 -0.629899
v -10.839723 0.717031 -1.590723
v -10.904813 0.671817 -2.128286
v -10.833432 0.615927 -2.857633
v -9.279189 1.169025 1.929277
v -8.921815 0.990988 -2.750264
v -8.005118 1.089680 -2.925941
v -8.359351 1.330859 2.766512
v -5.177758 1.375221 -2.106582
v -8.063256 1.926234 0.722032
v -8.948928 1.752265 -1.220960
v -5.539342 1.946361 -0.084326
v -6.486135 1.718005 -2.258841
v -7.262614 2.202186 -0.654097
v 5.908379 2.528063 1.267994
v 8.178600 0.038581 19.096134
v 9.799929 0.057226 18.811808
v 11.244803 0.041225 18.544769
v 12.456551 -0.006503 18.193888
vn 0.3130 0.4893 -0.8140
vn 0.4927 0.3481 -0.7975
vn 0.5524 0.2363 -0.7994
vn 0.2493 0.3919 -0.8856
vn -0.1334 0.2193 -0.9665
vn -0.0566 0.2105 -0.9760
vn -0.2822 -0.0318 -0.9588
vn -0.2255 0.2416 -0.9438
vn -0.1980 0.5366 -0.8203
vn -0.2169 0.3629 -0.9062
vn 0.1796 0.3754 -0.9093
vn 0.2319 0.1696 -0.9578
vn 0.0743 0.4069 -0.9104
vn -0.1389 0.5903 -0.7952
vn 0.6028 0.1522 -0.7832
vn 0.6376 0.0773 -0.7665
vn 0.5359 -0.4078 -0.7393
vn 0.6509 -0.1748 -0.7387
vn 0.3866 0.4062 -0.8279
vn 0.2498 0.3441 -0.9051
vn 0.6553 0.4213 -0.6270
vn 0.6696 0.4889 -0.5592
vn 0.5670 0.3950 -0.7228
vn 0.4425 0.3301 -0.8338
vn -0.2459 0.6857 -0.6851
vn -0.3500 0.4756 -0.8070
vn 0.0101 0.7130 -0.7011
vn -0.0704 0.4534 -0.8885
vn -0.3320 0.8547 -0.3991
vn -0.1830 0.4835 -0.8560
vn -0.5255 0.7320 -0.4337
vn 0.0187 0.3126 -0.9497
vn -0.6035 0.4224 -0.6762
vn 0.6494 0.5429 -0.5325
vn 0.8235 0.2709 -0.4984
vn 0.7230 0.5494 -0.4189
vn 0.6427 0.6336 -0.4306
vn 0.7708 0.5665 -0.2916
vn 0.6903 0.4941 -0.5286
vn 0.1699 0.7630 -0.6237
vn -0.5370 0.8261 -0.1711
vn -0.5919 0.7787 -0.2079
vn -0.0648 0.9660 -0.2502
vn -0.2178 0.8188 -0.5311
vn -0.2859 0.8264 -0.4851
vn -0.2683 0.9577 -0.1039
vn -0.7050 0.6735 0.2221
vn 0.0642 0.5641 0.8232
vn -0.3221 -0.0793 0.9434
vn -0.4055 0.5636 0.7197
vn -0.8556 0.3427 0.3879
vn -0.0241 0.9456 0.3246
vn -0.0280 0.9562 0.2913
vn 0.2419 0.9650 -0.1015
vn 0.3906 0.7535 0.5289
vn 0.1796 0.7427 0.6451
vn 0.2255 0.6589 0.7177
vn 0.5262 0.4070 0.7466
vn -0.0595 0.9166 0.3953
vn 0.0027 0.9932 0.1167
vn 0.0360 0.9988 -0.0339
vn -0.4099 0.7887 0.4582
vn -0.6971 0.6334 0.3358
vn -0.0517 0.9986 -0.0070
vn -0.5070 0.7830 0.3604
vn 0.9140 -0.1257 -0.3858
vn 0.9114 -0.2947 -0.2874
vn 0.8192 -0.4150 -0.3959
vn 0.8603 -0.4265 -0.2792
vn 0.8621 0.0471 -0.5045
vn 0.9408 0.2979 0.1620
vn 0.9996 0.0192 -0.0222
vn 0.9738 0.1733 -0.1471
vn 0.8249 0.3928 0.4064
vn 0.7731 0.5460 0.3228
vn 0.8796 0.3641 0.3061
vn 0.5631 0.5096 -0.6505
vn 0.4807 0.6561 -0.5818
vn 0.4623 0.6952 -0.5504
vn 0.2723 0.8547 -0.4420
vn 0.6260 0.7321 -0.2687
vn 0.0366 0.9943 -0.1003
vn 0.3981 0.9121 0.0977
vn 0.4073 0.8442 0.3486
vn 0.0369 0.9323 0.3599
vn -0.4041 0.8612 0.3083
vn -0.0980 0.9765 0.1920
vn 0.4625 0.6723 0.5780
vn 0.3621 0.5404 0.7595
vn 0.2910 0.9002 0.3239
vn 0.1402 0.8827 0.4486
vn 0.2036 0.9059 0.3714
vn 0.6576 0.6386 0.3998
vn 0.7536 0.5435 0.3697
vn 0.4070 0.6295 0.6619
vn 0.6398 0.4757 0.6036
vn 0.4844 0.6397 0.5968
vn 0.1239 0.9283 0.3506
vn -0.0526 0.9620 0.2678
vn -0.5698 -0.7377 -0.3622
vn 0.2190 0.8584 0.4638
vn 0.0050 0.8710 0.4912
vn 0.0507 0.9831 0.1762
vn 0.1124 0.9906 0.0776
vn 0.2812 0.9538 0.1061
vn 0.3379 0.8696 -0.3599
vn 0.3973 0.7667 0.5043
vn -0.3223 0.9198 0.2239
vn -0.2589 0.9655 0.0288
vn -0.2800 0.9595 -0.0308
vn -0.5303 0.8467 -0.0423
vn -0.2261 0.9311 0.2861
vn -0.2248 0.9280 0.2971
vn -0.2008 0.9358 0.2898
vn -0.2674 0.8788 0.3952
vn -0.2998 0.9518 0.0649
vn -0.3098 0.9370 0.1612
vn -0.1645 0.9707 0.1752
vn 0.0554 0.8747 0.4815
vn -0.4146 0.9100 -0.0051
vn -0.1536 0.9029 0.4013
vn -0.0033 0.9821 0.1886
vn -0.0945 0.9779 -0.1863
vn 0.1134 0.9633 0.2433
vn 0.1711 0.7659 0.6198
vn -0.5133 0.8577 -0.0300
vn -0.0990 0.9854 -0.1383
vn 0.0034 0.9017 -0.4324
vn -0.4848 0.7640 -0.4257
vn 0.1038 0.9844 0.1420
vn -0.2968 0.8955 0.3317
vn -0.3654 0.6763 -0.6396
vn -0.6860 0.6434 -0.3398
vn -0.4919 0.8255 -0.2767
vn -0.0877 0.9499 -0.3001
vn -0.3441 0.6933 -0.6332
vn -0.2680 0.9613 0.0645
vn 0.0048 0.9998 -0.0177
vn -0.7658 0.6405 0.0575
vn -0.1058 0.9898 -0.0951
vn -0.0536 0.9973 -0.0500
vn -0.0869 0.9936 -0.0727
vn -0.1301 0.9856 -0.1083
vn -0.0033 1.0000 0.0063
vn 0.0020 1.0000 0.0044
vn -0.0067 0.9999 0.0153
vn -0.0058 0.9999 0.0085
vn -0.0061 1.0000 0.0055
vn -0.0358 0.9985 0.0402
vn -0.0320 0.9986 0.0421
vn -0.0181 0.9996 0.0224
vn -0.0427 0.9986 0.0328
vn -0.0753 0.9953 0.0605
vn -0.0998 0.9906 0.0935
vn -0.1258 0.9900 0.0643
vn -0.0711 0.9970 0.0312
vn -0.1616 0.9799 0.1170
vn -0.1412 0.9900 0.0021
vn -0.1886 0.9821 0.0008
vn -0.1921 0.9810 -0.0285
vn -0.1641 0.9861 -0.0261
vn -0.1335 0.9907 0.0266
vn -0.1916 0.9812 0.0235
vn -0.3964 0.9074 -0.1398
vn -0.1960 0.9788 -0.0602
vn -0.3704 0.9288 0.0110
vn -0.3828 0.9219 -0.0590
vn -0.2116 0.9773 -0.0097
vn -0.1787 0.9822 -0.0576
vn -0.1752 0.9773 -0.1187
vn -0.1815 0.9781 -0.1017
vn -0.2176 0.9727 -0.0803
vn -0.1437 0.9860 -0.0847
vn -0.1560 0.9736 -0.1664
vn -0.1334 0.9782 -0.1590
vn -0.0945 0.9950 0.0327
vn -0.1741 0.9826 0.0644
vn -0.2067 0.9713 0.1181
vn -0.2024 0.9779 0.0531
vn -0.1265 0.9912 0.0386
vn -0.2397 0.9650 0.1062
vn -0.2529 0.9653 0.0643
vn -0.2453 0.9692 0.0241
vn -0.2028 0.9785 0.0366
vn -0.1377 0.9897 0.0382
vn -0.2275 0.9737 0.0098
vn -0.0354 0.9990 0.0257
vn -0.0866 0.9924 0.0872
vn -0.1640 0.9754 0.1476
vn -0.1920 0.9708 0.1437
vn -0.2215 0.9721 0.0765
vn -0.0996 0.9878 -0.1195
vn -0.1073 0.9763 -0.1878
vn -0.1385 0.9519 -0.2732
vn -0.2280 0.9390 -0.2576
vn -0.1105 0.9688 -0.2216
vn -0.1847 0.9741 0.1302
vn -0.1726 0.9790 0.1087
vn -0.1678 0.9842 0.0556
vn -0.1634 0.9865 0.0056
vn -0.1523 0.9882 -0.0152
vn -0.0760 0.9941 0.0773
vn -0.1159 0.9838 0.1368
vn -0.1474 0.9749 0.1668
vn -0.0531 0.9798 -0.1928
vn -0.0199 0.9752 -0.2206
vn -0.0594 0.9715 -0.2295
vn -0.3928 0.8998 -0.1898
vn -0.0717 0.9878 0.1385
vn -0.0837 0.9826 0.1659
vn -0.1208 0.9844 0.1282
vn -0.0941 0.9890 0.1142
vn -0.7772 0.5967 0.1995
vn -0.6024 0.6974 0.3881
vn -0.7067 0.7075 0.0011
vn -0.6566 0.7155 -0.2388
vn -0.2359 0.8882 -0.3944
vn -0.0076 0.9800 -0.1989
vn -0.0101 0.9801 -0.1980
vn -0.0243 0.9855 -0.1679
vn -0.0000 0.9949 0.1005
vn -0.0546 0.9963 -0.0671
vn 0.0501 0.9974 -0.0524
vn 0.1186 0.9788 -0.1669
vn -0.0466 0.9939 -0.1001
vn -0.0726 0.9856 0.1524
vn -0.0376 0.9937 0.1051
vn -0.1399 0.9880 0.0658
vn -0.1891 0.9638 0.1880
vn -0.0233 0.9944 0.1029
vn -0.0208 0.9846 0.1735
vn -0.0188 0.9843 0.1752
vn -0.0318 0.9981 -0.0523
vn -0.0412 0.9965 -0.0728
vn -0.0546 0.9934 -0.1013
vn -0.0720 0.9810 -0.1802
vn -0.0201 0.9779 -0.2081
vn -0.0509 0.9740 -0.2206
vn -0.0230 0.9945 -0.1017
vn -0.1931 0.9188 -0.3442
vn -0.0096 0.9925 -0.1219
vn -0.0045 0.9908 0.1356
vn 0.0108 0.9954 0.0955
vn 0.0106 0.9839 0.1784
vn 0.0089 0.9841 0.1773
vn 0.0075 0.9912 0.1320
vn -0.0763 0.6167 0.7835
vn -0.4025 0.6064 0.6858
vn -0.2750 0.7251 0.6314
vn -0.0139 0.9994 -0.0331
vn -0.0610 0.9974 -0.0393
vn -0.2447 0.9598 -0.1374
vn -0.2098 0.9277 -0.3088
vn -0.1284 0.9065 -0.4022
vn -0.1464 0.9884 -0.0409
vn 0.0067 0.9956 0.0939
vn -0.0245 0.5086 0.8607
vn -0.3127 0.9481 -0.0585
vn -0.0033 0.9859 0.1671
vn -0.0033 0.9839 0.1786
vn -0.0108 0.9900 0.1403
vn -0.0209 0.9953 0.0945
vn -0.0281 0.9996 0.0009
vn 0.1014 0.9645 -0.2439
vn -0.0006 0.6933 -0.7206
vn -0.0937 0.9952 0.0294
vn -0.1875 0.9808 0.0541
vn 0.0356 0.6887 0.7241
vn -0.1813 0.8404 -0.5107
vn -0.2150 0.5292 -0.8208
vn -0.0223 0.9881 0.1525
vn -0.0203 0.9838 0.1781
vn -0.0266 0.9879 0.1530
vn -0.0319 0.9954 0.0907
vn -0.0384 0.9985 0.0378
vn -0.0734 0.9943 0.0777
vn -0.1061 0.9883 0.1095
vn -0.1718 0.9851 0.0032
vn -0.1407 0.8711 -0.4705
vn 0.0212 0.9824 0.1858
vn 0.0039 0.9862 0.1654
vn -0.0007 0.9962 0.0869
vn 0.1390 0.8313 -0.5381
vn -0.1997 0.9787 0.0481
vn -0.2078 0.9766 -0.0548
vn -0.0571 0.9942 0.0907
vn -0.1723 0.9810 0.0888
vn 0.0301 0.9874 0.1556
vn 0.0181 0.9971 0.0740
vn -0.0731 0.9880 0.1357
vn -0.1018 0.9935 0.0513
vn 0.2004 0.5712 0.7960
vn 0.4730 0.5267 0.7063
vn -0.1743 0.9811 0.0843
vn 0.0198 0.9980 0.0606
vn -0.0723 0.9829 0.1695
vn -0.0868 0.9844 0.1533
vn -0.1333 0.9841 0.1170
vn 0.3466 0.8596 -0.3756
vn 0.0849 0.9807 0.1758
vn 0.0919 0.9764 0.1954
vn 0.0739 0.9933 0.0884
vn 0.0257 0.9997 0.0057
vn -0.0803 0.9911 0.1066
vn -0.1172 0.9907 -0.0693
vn -0.0131 0.9987 -0.0501
vn 0.0378 0.9992 -0.0140
vn -0.0897 0.9841 0.1532
vn 0.0927 0.9820 0.1644
vn 0.0712 0.9966 0.0420
vn -0.1335 0.9862 0.0976
vn 0.1533 0.9739 0.1676
vn 0.1649 0.9818 0.0945
vn 0.1112 0.9784 0.1745
vn 0.1599 0.9859 0.0503
vn -0.0150 0.9751 0.2213
vn 0.0723 0.9916 0.1075
vn 0.0450 0.9602 0.2757
vn 0.0379 0.9655 0.2577
vn 0.6895 0.7121 -0.1319
vn 0.1079 0.9914 0.0737
vn 0.3948 0.7298 -0.5581
vn 0.5384 0.8037 -0.2532
vn 0.6482 0.6065 -0.4604
vn 0.7862 0.6118 -0.0868
vn 0.1553 0.9868 0.0460
vn 0.1725 0.9837 0.0505
vn 0.4647 0.6073 0.6443
vn 0.1598 0.9746 0.1567
vn 0.1527 0.9875 0.0394
vn 0.2161 0.9752 0.0476
vn 0.2156 0.9749 0.0560
vn 0.2164 0.9755 0.0392
vn 0.0988 0.9489 0.2997
vn 0.0365 0.9660 0.2558
vn 0.1795 0.9458 0.2707
vn 0.1232 0.9791 0.1621
vn -0.0726 0.9843 0.1606
vn 0.0148 0.9996 0.0246
vn 0.0695 0.9953 0.0668
vn 0.1138 0.9884 0.1010
vn 0.0505 0.9666 0.2513
vn -0.0738 0.9890 0.1283
vn 0.0807 0.9872 0.1373
vn 0.1993 0.9767 0.0801
vn 0.1584 0.9793 0.1260
vn 0.2329 0.9723 0.0216
vn 0.2499 0.9560 0.1535
vn 0.0896 0.9888 0.1195
vn 0.1743 0.9839 0.0399
vn 0.1795 0.9831 0.0347
vn 0.1870 0.9823 0.0070
vn 0.2323 0.9702 0.0685
vn -0.0085 0.9937 0.1121
vn -0.0647 0.9760 0.2080
vn 0.1600 0.9867 0.0277
vn 0.1325 0.9905 0.0376
vn 0.1003 0.9922 0.0740
vn 0.0479 0.9956 0.0800
vn 0.1683 0.9857 0.0084
vn 0.0819 0.9843 0.1564
vn 0.0497 0.9980 0.0403
vn -0.0166 0.9991 0.0400
vn 0.0063 0.9739 0.2270
vn 0.1223 0.9919 0.0328
vn 0.1162 0.9928 0.0294
vn 0.1240 0.9922 0.0091
vn 0.0648 0.9954 0.0710
vn 0.0433 0.9982 0.0424
vn 0.0999 0.9950 0.0042
vn 0.0772 0.9970 0.0087
vn 0.0597 0.9970 0.0499
vn 0.0560 0.9969 0.0549
vn 0.0556 0.9979 0.0327
vn -0.1292 0.9414 -0.3115
vn -0.1539 0.8477 -0.5077
vn -0.2352 0.6636 -0.7102
vn -0.0445 0.9984 -0.0343
vn -0.0116 0.9979 0.0640
vn -0.0294 0.9996 0.0048
vn -0.1253 0.9843 0.1242
vn 0.3465 0.8966 0.2758
vn -0.0599 0.9978 -0.0287
vn -0.0640 0.9950 -0.0768
vn -0.0275 0.9702 -0.2408
vn 0.0698 0.8006 0.5951
vn -0.0584 0.9950 -0.0806
vn -0.0800 0.9952 -0.0556
vn -0.0595 0.8950 -0.4421
vn 0.0274 0.9605 -0.2769
vn -0.0497 0.9950 -0.0867
vn 0.2910 0.8706 -0.3966
vn -0.1083 0.9559 0.2731
vn -0.1873 0.9802 0.0636
vn 0.1519 0.9459 -0.2868
vn -0.2991 0.9539 -0.0255
vn -0.0839 0.9826 -0.1655
vn -0.3321 0.9429 -0.0269
vn -0.0823 0.9805 -0.1787
vn -0.3797 0.9240 -0.0459
vn 0.3867 0.9098 -0.1511
vn -0.0458 0.9838 -0.1733
vn 0.3752 0.9117 -0.1674
vn -0.2340 0.9502 -0.2059
vn -0.0125 0.9860 -0.1665
vn 0.2625 0.9317 -0.2510
vn -0.6808 0.3128 0.6623
vn -0.9329 0.3284 0.1481
vn -0.8642 0.4969 0.0790
vn -0.9678 0.2512 -0.0124
vn -0.2744 -0.1064 0.9557
vn 0.1799 0.3701 0.9114
vn 0.1863 0.8043 0.5643
vn -0.1631 0.4449 0.8806
vn -0.2812 0.9582 -0.0518
vn -0.1346 0.0716 0.9883
vn -0.4270 0.8959 -0.1225
vn -0.4171 0.8334 0.3626
vn -0.2142 0.9030 0.3725
vn 0.0922 0.4018 0.9111
vn 0.2022 0.9225 0.3288
vn -0.1330 0.9843 -0.1163
vn -0.1424 0.9794 -0.1429
vn 0.3272 0.6765 -0.6598
vn -0.5601 0.8163 -0.1412
vn 0.3383 0.9409 -0.0172
vn -0.9213 0.3235 -0.2158
vn -0.1176 0.8417 -0.5271
vn -0.5736 0.6070 -0.5500
vn -0.3470 0.9328 -0.0971
vn -0.5294 0.8467 0.0539
vn 0.0817 0.8923 0.4441
vn 0.0576 0.3488 0.9354
vn -0.2458 0.8674 0.4327
vn 0.0483 0.8570 -0.5130
vn -0.7689 0.6106 0.1895
vn -0.6061 0.3276 -0.7248
vn -0.4423 0.8379 0.3197
vn -0.0059 0.9677 0.2522
vn 0.4731 0.8392 0.2683
vn -0.5741 0.7804 -0.2478
vn -0.3479 0.4985 -0.7940
vn 0.1894 0.9161 -0.3535
vn -0.2127 -0.0063 -0.9771
vn -0.6210 0.5341 -0.5736
vn 0.1829 0.5091 -0.8410
vn 0.5118 0.8544 -0.0900
vn 0.5356 -0.1215 0.8357
vn 0.5609 0.1573 0.8128
vn 0.5002 0.7907 -0.3531
vn 0.6996 0.6379 0.3218
vn 0.8123 -0.1704 0.5578
vn 0.9202 0.3623 0.1483
vn 0.9912 0.1187 -0.0580
vn 0.1692 0.4418 0.8810
vn -0.1158 0.6805 0.7235
vn 0.5256 0.3273 0.7852
vn -0.5838 0.5643 -0.5837
vn -0.2291 -0.0246 -0.9731
vn -0.3372 0.3140 0.8875
vn -0.8388 0.4190 0.3477
vn -0.0232 0.6412 -0.7670
vn 0.6025 0.2354 -0.7626
vn 0.7842 0.6180 -0.0562
vn 0.5896 0.5689 0.5733
vn 0.1544 0.0353 0.9874
vn 0.2130 0.8625 -0.4590
vn 0.1981 0.9779 -0.0664
vn 0.6267 0.5623 -0.5395
vn 0.0574 0.9746 -0.2164
vn 0.5736 0.6766 -0.4617
vn -0.5428 0.8343 -0.0964
vn -0.2222 0.7121 0.6660
vn -0.1455 0.9867 0.0720
vn 0.3232 0.9246 -0.2015
vn -0.1432 0.8699 0.4720
vn 0.3193 0.9215 0.2210
vn 0.2960 0.9488 -0.1107
vn 0.8935 0.0991 0.4380
vn -0.0334 0.9920 0.1215
vn 0.1370 0.9851 -0.1037
vn -0.2298 0.9691 -0.0893
vn -0.1461 0.9501 0.2757
vn 0.2306 0.9400 0.2513
vn -0.0229 0.9941 0.1056
vn 0.0675 0.9377 -0.3408
vn 0.2243 0.9730 0.0535
vn -0.0286 0.9976 -0.0633
vt 0.849723 0.067404
vt 0.847357 0.070844
vt 0.821634 0.063649
vt 0.839488 0.047462
vt 0.944045 0.428221
vt 0.996448 0.424174
vt 0.981762 0.457066
vt 0.933630 0.500047
vt 0.914352 0.434598
vt 0.919441 0.482275
vt 0.856034 0.034122
vt 0.819654 0.028019
vt 0.814667 0.003552
vt 0.942936 0.382436
vt 0.976113 0.378179
vt 0.919832 0.403410
vt 0.855243 0.097686
vt 0.829781 0.147246
vt 0.815877 0.104755
vt 0.814667 0.084104
vt 0.881037 0.070423
vt 0.917601 0.049729
vt 0.881550 0.016466
vt 0.884838 0.125867
vt 0.859452 0.164741
vt 0.915542 0.088133
vt 0.929614 0.068700
vt 0.885759 0.489295
vt 0.886351 0.563206
vt 0.859142 0.520113
vt 0.858228 0.540494
vt 0.892150 0.442095
vt 0.792625 0.203575
vt 0.805218 0.229095
vt 0.778648 0.221593
vt 0.807563 0.260595
vt 0.787532 0.273259
vt 0.901229 0.341023
vt 0.925520 0.340837
vt 0.910986 0.373358
vt 0.865917 0.345273
vt 0.896470 0.389827
vt 0.882472 0.185662
vt 0.861910 0.211103
vt 0.841264 0.189870
vt 0.906199 0.153290
vt 0.934500 0.103489
vt 0.962162 0.066525
vt 0.938407 0.033829
vt 0.853467 0.305502
vt 0.894720 0.305420
vt 0.620593 0.907043
vt 0.656442 0.907043
vt 0.637898 0.963517
vt 0.814667 0.548696
vt 0.758799 0.366659
vt 0.768448 0.312251
vt 0.794859 0.321202
vt 0.780699 0.359206
vt 0.792696 0.382165
vt 0.777652 0.410704
vt 0.766353 0.276562
vt 0.763020 0.253558
vt 0.751533 0.215211
vt 0.232445 0.913839
vt 0.247502 0.901978
vt 0.275107 0.934604
vt 0.241187 0.916043
vt 0.283914 0.883705
vt 0.295060 0.893264
vt 0.295060 0.947116
vt 0.711542 0.127269
vt 0.697570 0.124842
vt 0.693058 0.093746
vt 0.729394 0.134790
vt 0.728646 0.142724
vt 0.753282 0.120857
vt 0.728777 0.086127
vt 0.664295 0.848898
vt 0.662569 0.873897
vt 0.654975 0.877431
vt 0.620593 0.841593
vt 0.658183 0.829537
vt 0.665798 0.846646
vt 0.620593 0.879304
vt 0.642029 0.899938
vt 0.234382 0.869991
vt 0.271304 0.829537
vt 0.777256 0.848157
vt 0.804569 0.829537
vt 0.804569 0.886156
vt 0.780039 0.894336
vt 0.814667 0.303024
vt 0.841931 0.352328
vt 0.751110 0.412083
vt 0.670099 0.117006
vt 0.648121 0.096948
vt 0.955527 0.674914
vt 0.948887 0.667725
vt 0.959504 0.639604
vt 0.956481 0.663556
vt 0.904337 0.259611
vt 0.885461 0.273848
vt 0.864126 0.263983
vt 0.868194 0.240885
vt 0.890686 0.226694
vt 0.930747 0.288459
vt 0.894535 0.295919
vt 0.943819 0.930532
vt 0.955708 0.930314
vt 0.968302 0.944747
vt 0.943819 0.966567
vt 0.528428 0.914426
vt 0.528864 0.874310
vt 0.558984 0.883075
vt 0.566174 0.914426
vt 0.903433 0.205523
vt 0.912077 0.188416
vt 0.935316 0.231261
vt 0.931047 0.198131
vt 0.938488 0.163895
vt 0.947701 0.262420
vt 0.940427 0.269466
vt 0.681291 0.062014
vt 0.637385 0.067273
vt 0.624718 0.032937
vt 0.670873 0.027134
vt 0.634951 0.094211
vt 0.633124 0.006957
vt 0.634898 0.010512
vt 0.611220 0.006147
vt 0.944303 0.922957
vt 0.957532 0.926169
vt 0.647486 0.003552
vt 0.579355 0.058946
vt 0.568986 0.022783
vt 0.959504 0.688978
vt 0.944191 0.701246
vt 0.937331 0.683334
vt 0.602302 0.060140
vt 0.849221 0.924210
vt 0.860295 0.919688
vt 0.859033 0.949773
vt 0.455499 0.106571
vt 0.473392 0.084568
vt 0.506072 0.127849
vt 0.468074 0.140719
vt 0.536073 0.829537
vt 0.555135 0.836219
vt 0.837138 0.906151
vt 0.842111 0.884972
vt 0.860295 0.888503
vt 0.525951 0.046111
vt 0.492941 0.062081
vt 0.486367 0.045336
vt 0.517460 0.034522
vt 0.534439 0.071146
vt 0.529549 0.093907
vt 0.587010 0.072210
vt 0.937331 0.708350
vt 0.948642 0.727103
vt 0.937331 0.770500
vt 0.506822 0.080672
vt 0.700075 0.972034
vt 0.700075 0.960071
vt 0.711362 0.961492
vt 0.837138 0.956878
vt 0.845892 0.964258
vt 0.837138 0.975878
vt 0.839260 0.966869
vt 0.966609 0.672602
vt 0.976206 0.686172
vt 0.966609 0.696880
vt 0.969536 0.680425
vt 0.721685 0.233952
vt 0.730256 0.227535
vt 0.742010 0.227356
vt 0.735018 0.235082
vt 0.725764 0.210176
vt 0.715142 0.219765
vt 0.721953 0.906466
vt 0.729720 0.903543
vt 0.729720 0.920955
vt 0.705822 0.190587
vt 0.701429 0.213467
vt 0.685240 0.207430
vt 0.695662 0.191989
vt 0.680791 0.209954
vt 0.686146 0.193603
vt 0.602306 0.129775
vt 0.597996 0.131659
vt 0.602416 0.125177
vt 0.612427 0.127070
vt 0.859649 0.876245
vt 0.859649 0.862275
vt 0.865542 0.870152
vt 0.560470 0.921530
vt 0.565505 0.924857
vt 0.560470 0.933634
vt 0.560645 0.924280
vt 0.976387 0.593496
vt 0.966986 0.574270
vt 0.976387 0.570311
vt 0.974258 0.580451
vt 0.943667 0.793336
vt 0.937331 0.777605
vt 0.945866 0.777605
vt 0.232445 0.954220
vt 0.243381 0.966050
vt 0.232445 0.977579
vt 0.235365 0.968363
vt 0.857438 0.961579
vt 0.852996 0.956877
vt 0.865737 0.956993
vt 0.865737 0.975616
vt 0.862664 0.971920
vt 0.737299 0.404952
vt 0.731967 0.422295
vt 0.712890 0.417933
vt 0.733132 0.405670
vt 0.273639 0.956202
vt 0.273478 0.954220
vt 0.283561 0.967923
vt 0.273478 0.975732
vt 0.744202 0.733807
vt 0.724773 0.781943
vt 0.701074 0.783723
vt 0.700415 0.740523
vt 0.096954 0.786604
vt 0.066067 0.750679
vt 0.112430 0.743331
vt 0.118019 0.782938
vt 0.055431 0.712318
vt 0.104733 0.702315
vt 0.155552 0.743731
vt 0.151962 0.786597
vt 0.187269 0.791469
vt 0.200323 0.747478
vt 0.153694 0.700432
vt 0.252227 0.753176
vt 0.252514 0.801889
vt 0.203057 0.702111
vt 0.506668 0.820654
vt 0.506430 0.767296
vt 0.553940 0.763387
vt 0.548533 0.815494
vt 0.459644 0.822433
vt 0.458733 0.768493
vt 0.606210 0.707726
vt 0.606838 0.756539
vt 0.555247 0.713656
vt 0.580733 0.727999
vt 0.508298 0.715338
vt 0.612152 0.804069
vt 0.657019 0.704921
vt 0.657744 0.748020
vt 0.642686 0.737845
vt 0.622566 0.740361
vt 0.607639 0.738947
vt 0.671657 0.790314
vt 0.703228 0.702976
vt 0.747431 0.713261
vt 0.286651 0.807010
vt 0.299820 0.758058
vt 0.253976 0.705672
vt 0.354442 0.763217
vt 0.350569 0.814730
vt 0.304451 0.709637
vt 0.356689 0.713261
vt 0.408992 0.715464
vt 0.409878 0.767125
vt 0.416812 0.820780
vt 0.459114 0.716234
vt 0.044102 0.672265
vt 0.095851 0.660545
vt 0.148726 0.657397
vt 0.200922 0.657446
vt 0.509055 0.698048
vt 0.660333 0.658305
vt 0.708918 0.658788
vt 0.642566 0.658806
vt 0.638395 0.684487
vt 0.756781 0.662594
vt 0.253314 0.658793
vt 0.305527 0.660512
vt 0.357584 0.662686
vt 0.409479 0.663847
vt 0.460365 0.664156
vt 0.030475 0.629001
vt 0.087014 0.618565
vt 0.141753 0.614019
vt 0.715733 0.611582
vt 0.656029 0.603076
vt 0.765571 0.615584
vt 0.596679 0.685613
vt 0.017311 0.584747
vt 0.076968 0.574670
vt 0.196231 0.611783
vt 0.250162 0.611068
vt 0.360451 0.619445
vt 0.305939 0.609503
vt 0.406557 0.633610
vt 0.440646 0.621760
vt 0.485039 0.604780
vt 0.773608 0.567997
vt 0.722347 0.563054
vt 0.671285 0.560725
vt 0.519884 0.608483
vt 0.514818 0.560074
vt 0.557492 0.564507
vt 0.617655 0.580745
vt 0.619639 0.559885
vt 0.133987 0.568884
vt 0.190235 0.565330
vt 0.485183 0.673043
vt 0.542174 0.662452
vt 0.245553 0.563067
vt 0.007353 0.536587
vt 0.068162 0.528403
vt 0.515984 0.509176
vt 0.570071 0.509288
vt 0.623976 0.509689
vt 0.676815 0.511322
vt 0.780486 0.519198
vt 0.728444 0.514042
vt 0.464866 0.539194
vt 0.458345 0.512852
vt 0.466784 0.557747
vt 0.126696 0.522431
vt 0.184086 0.518283
vt 0.003552 0.484182
vt 0.062664 0.480473
vt 0.121202 0.474923
vt 0.271766 0.548291
vt 0.277770 0.579442
vt 0.245569 0.508116
vt 0.515503 0.458862
vt 0.571140 0.459054
vt 0.682727 0.462789
vt 0.737243 0.464938
vt 0.789846 0.469412
vt 0.626872 0.459988
vt 0.178896 0.470688
vt 0.238746 0.467850
vt 0.734167 0.426479
vt 0.734734 0.420680
vt 0.688448 0.416057
vt 0.714938 0.418703
vt 0.798944 0.386804
vt 0.003552 0.431751
vt 0.060464 0.430645
vt 0.117743 0.426300
vt 0.175004 0.422305
vt 0.514093 0.408568
vt 0.461353 0.476598
vt 0.458031 0.409769
vt 0.571382 0.408830
vt 0.629279 0.410989
vt 0.239358 0.391334
vt 0.446043 0.459350
vt 0.452630 0.432039
vt 0.003808 0.379622
vt 0.060339 0.379723
vt 0.116100 0.377121
vt 0.172464 0.373294
vt 0.511826 0.357836
vt 0.570244 0.357657
vt 0.629811 0.359102
vt 0.691070 0.362916
vt 0.729579 0.376019
vt 0.735941 0.364948
vt 0.736779 0.409377
vt 0.729912 0.364675
vt 0.815540 0.920382
vt 0.814667 0.868405
vt 0.830034 0.867853
vt 0.061602 0.329433
vt 0.116030 0.327165
vt 0.171053 0.323598
vt 0.452054 0.356255
vt 0.531753 0.325948
vt 0.554868 0.305545
vt 0.567358 0.305300
vt 0.509385 0.322988
vt 0.006086 0.327849
vt 0.226244 0.319792
vt 0.628408 0.305228
vt 0.691615 0.307473
vt 0.241308 0.350286
vt 0.265805 0.311032
vt 0.495021 0.318167
vt 0.450348 0.308337
vt 0.468948 0.307734
vt 0.468451 0.312704
vt 0.492817 0.317713
vt 0.434793 0.307545
vt 0.117339 0.277587
vt 0.064296 0.279709
vt 0.170806 0.273559
vt 0.559842 0.252060
vt 0.562131 0.251956
vt 0.562353 0.298520
vt 0.560021 0.258322
vt 0.559789 0.254324
vt 0.623874 0.249617
vt 0.010913 0.277136
vt 0.224693 0.269207
vt 0.724829 0.349830
vt 0.758931 0.311974
vt 0.742974 0.356580
vt 0.687756 0.250351
vt 0.120083 0.228979
vt 0.171472 0.223583
vt 0.068646 0.231645
vt 0.223562 0.217948
vt 0.472268 0.288202
vt 0.445535 0.257353
vt 0.473263 0.256048
vt 0.472732 0.285477
vt 0.402112 0.293417
vt 0.389191 0.259310
vt 0.814667 0.811601
vt 0.824510 0.833869
vt 0.374398 0.279085
vt 0.360334 0.261586
vt 0.380526 0.289315
vt 0.333667 0.257006
vt 0.330153 0.209431
vt 0.384739 0.207471
vt 0.277288 0.273328
vt 0.440063 0.206730
vt 0.276393 0.213062
vt 0.273381 0.159838
vt 0.222122 0.166452
vt 0.326283 0.155534
vt 0.475099 0.248694
vt 0.495271 0.203134
vt 0.499615 0.232415
vt 0.502849 0.230281
vt 0.553672 0.198313
vt 0.559833 0.250277
vt 0.557926 0.241374
vt 0.541845 0.236949
vt 0.541420 0.236832
vt 0.541737 0.145192
vt 0.615348 0.192175
vt 0.017152 0.228930
vt 0.172272 0.174369
vt 0.122745 0.181801
vt 0.380377 0.154490
vt 0.434816 0.156610
vt 0.073015 0.186125
vt 0.269208 0.104402
vt 0.321974 0.098925
vt 0.376516 0.099538
vt 0.431280 0.104528
vt 0.603596 0.135000
vt 0.600301 0.121653
vt 0.678220 0.187089
vt 0.219360 0.113607
vt 0.170702 0.124923
vt 0.122964 0.135970
vt 0.023658 0.183714
vt 0.471961 0.084735
vt 0.429490 0.050005
vt 0.481228 0.065391
vt 0.607829 0.088013
vt 0.611357 0.092305
vt 0.624483 0.113583
vt 0.600017 0.112207
vt 0.316562 0.035539
vt 0.261926 0.043850
vt 0.373849 0.037924
vt 0.600874 0.118575
vt 0.602160 0.076100
vt 0.608580 0.078096
vt 0.076678 0.142491
vt 0.029804 0.143445
vt 0.209864 0.059780
vt 0.161764 0.076870
vt 0.117498 0.091447
vt 0.075121 0.100727
vt 0.038450 0.109609
vt 0.612825 0.081736
vt 0.707436 0.145654
vt 0.726828 0.171061
vt 0.710618 0.165941
vt 0.707349 0.155543
vt 0.691689 0.164131
vt 0.726574 0.174334
vt 0.728532 0.184676
vt 0.703631 0.152581
vt 0.329627 0.317658
vt 0.302440 0.383928
vt 0.304891 0.353067
vt 0.355728 0.310662
vt 0.377213 0.320504
vt 0.352354 0.351620
vt 0.397129 0.335459
vt 0.370530 0.383281
vt 0.324995 0.398546
vt 0.315204 0.441594
vt 0.296730 0.423644
vt 0.344234 0.419858
vt 0.320568 0.479162
vt 0.331647 0.447283
vt 0.309036 0.464801
vt 0.312018 0.507627
vt 0.335787 0.510274
vt 0.316523 0.525516
vt 0.352439 0.478027
vt 0.360127 0.497688
vt 0.351382 0.542906
vt 0.382265 0.513918
vt 0.380706 0.543870
vt 0.398062 0.518349
vt 0.404479 0.547704
vt 0.411595 0.522167
vt 0.388026 0.572569
vt 0.426996 0.547359
vt 0.418491 0.568620
vt 0.433479 0.531661
vt 0.451336 0.543062
vt 0.469836 0.573176
vt 0.878016 0.869655
vt 0.913132 0.840673
vt 0.904906 0.896812
vt 0.875988 0.828473
vt 0.904567 0.911593
vt 0.881746 0.913555
vt 0.814667 0.930033
vt 0.823656 0.927486
vt 0.823656 0.964576
vt 0.601453 0.964995
vt 0.573279 0.962575
vt 0.602074 0.943548
vt 0.266374 0.954220
vt 0.265346 0.977169
vt 0.250486 0.954220
vt 0.573279 0.917429
vt 0.573727 0.942606
vt 0.520476 0.829537
vt 0.521324 0.877019
vt 0.497796 0.913802
vt 0.405944 0.502943
vt 0.396277 0.972470
vt 0.380929 0.972470
vt 0.392330 0.931142
vt 0.410997 0.931738
vt 0.465252 0.920907
vt 0.485524 0.963390
vt 0.465252 0.965980
vt 0.366322 0.598032
vt 0.325127 0.578977
vt 0.476398 0.593137
vt 0.446930 0.602161
vt 0.406150 0.587123
vt 0.737260 0.863224
vt 0.737416 0.829537
vt 0.749406 0.867026
vt 0.425643 0.841621
vt 0.456120 0.829537
vt 0.458147 0.848616
vt 0.292361 0.505796
vt 0.452167 0.501526
vt 0.426199 0.463026
vt 0.398171 0.486364
vt 0.400141 0.456318
vt 0.681125 0.829537
vt 0.697754 0.849872
vt 0.672903 0.847880
vt 0.852544 0.823391
vt 0.837138 0.877867
vt 0.837138 0.811601
vt 0.980687 0.708350
vt 0.980687 0.743409
vt 0.955746 0.713085
vt 0.925314 0.604428
vt 0.930226 0.684011
vt 0.891983 0.656061
vt 0.143776 0.963701
vt 0.167425 0.883609
vt 0.169343 0.933723
vt 0.179369 0.885887
vt 0.189360 0.911649
vt 0.399062 0.431113
vt 0.381163 0.414779
vt 0.394463 0.394509
vt 0.325043 0.902250
vt 0.302165 0.867526
vt 0.341066 0.864987
vt 0.700075 0.952967
vt 0.700075 0.903543
vt 0.714848 0.922988
vt 0.425467 0.401099
vt 0.943819 0.915853
vt 0.943819 0.895066
vt 0.957133 0.897372
vt 0.980450 0.900143
vt 0.964237 0.883232
vt 0.980450 0.869265
vt 0.988069 0.784549
vt 0.955746 0.764062
vt 0.988069 0.750513
vt 0.354486 0.833274
vt 0.366390 0.871706
vt 0.102666 0.948572
vt 0.088726 0.969815
vt 0.076972 0.937724
vt 0.862359 0.665300
vt 0.826885 0.644253
vt 0.863613 0.648857
vt 0.050090 0.967588
vt 0.033836 0.918288
vt 0.032162 0.952042
vt 0.019536 0.968511
vt 0.011139 0.945883
vt 0.003552 0.970838
vt 0.875988 0.606407
vt 0.905885 0.595244
vt 0.901831 0.570311
vt 0.143776 0.833323
vt 0.192062 0.861662
vt 0.375638 0.844887
vt 0.392441 0.840131
vt 0.410073 0.892934
vt 0.092832 0.918267
vt 0.672903 0.961698
vt 0.672903 0.903543
vt 0.692971 0.948459
vt 0.300563 0.290975
vt 0.273416 0.294827
vt 0.302981 0.261485
vt 0.182475 0.829537
vt 0.086298 0.829537
vt 0.108580 0.845339
vt 0.096163 0.883039
vt 0.432469 0.341752
vt 0.407354 0.313356
vt 0.422555 0.305140
vt 0.864374 0.697332
vt 0.832711 0.684717
vt 0.866109 0.636420
vt 0.337125 0.281425
vt 0.360198 0.267951
vt 0.858819 0.745472
vt 0.814667 0.773686
vt 0.835632 0.804496
vt 0.875988 0.801330
vt 0.893856 0.816599
vt 0.408955 0.615199
vt 0.409088 0.631484
vt 0.359166 0.617766
vt 0.465252 0.899531
vt 0.504865 0.837079
vt 0.737260 0.903235
vt 0.769215 0.968180
vt 0.742739 0.963033
vt 0.900990 0.730242
vt 0.923711 0.766021
vt 0.905226 0.794225
vt 0.966985 0.609648
vt 0.975872 0.600601
vt 0.975872 0.622373
vt 0.521324 0.911522
vt 0.859649 0.855170
vt 0.859649 0.811601
vt 0.867634 0.819669
vt 0.943819 0.826989
vt 0.961169 0.836286
vt 0.948913 0.862160
vt 0.937331 0.632499
vt 0.937331 0.570311
vt 0.959881 0.612117
vt 0.769215 0.906843
vt 0.334115 0.612237
vt 0.290469 0.589922
vt 0.285252 0.575325
vt 0.910290 0.807864
vt 0.936714 0.830198
vt 0.307259 0.527572
vt 0.770151 0.861514
vt 0.767264 0.829537
vt 0.455786 0.887586
vt 0.425643 0.903088
vt 0.275739 0.559241
vt 0.291779 0.527196
vt 0.875988 0.734443
vt 0.927390 0.720417
vt 0.528428 0.921530
vt 0.553365 0.921530
vt 0.545617 0.965570
vt 0.365566 0.452546
vt 0.889255 0.683122
vt 0.357839 0.908174
vt 0.302165 0.940494
vt 0.352544 0.457773
vt 0.373494 0.939418
vt 0.421052 0.440196
vt 0.361168 0.410711
vt 0.312054 0.829537
vt 0.505745 0.920907
vt 0.520402 0.928811
vt 0.505745 0.966101
vt 0.498640 0.945674
vt 0.794959 0.901441
vt 0.805145 0.930566
vt 0.792193 0.960362
vt 0.777256 0.918374
vt 0.350090 0.979489
vt 0.338973 0.947598
vt 0.359313 0.947598
vt 0.425111 0.373767
vt 0.748123 0.896130
vt 0.444903 0.919756
vt 0.966609 0.644050
vt 0.978200 0.639604
vt 0.978200 0.665498
vt 0.894256 0.955511
vt 0.881328 0.954971
vt 0.961169 0.801330
vt 0.473331 0.605981
vt 0.726208 0.896439
vt 0.679423 0.896439
vt 0.730155 0.867458
vt 0.944246 0.869265
vt 0.134667 0.970838
vt 0.136671 0.924605
vt 0.868883 0.614015
vt 0.845564 0.574690
vt 0.868340 0.593164
vt 0.306482 0.254031
vt 0.405839 0.829537
vt 0.418538 0.896777
vt 0.425643 0.949560
vt 0.455239 0.949792
vt 0.450976 0.967123
vt 0.425643 0.968738
vt 0.373494 0.886177
vt 0.392266 0.905416
vt 0.373494 0.924037
vt 0.072929 0.899193
vt 0.217521 0.873089
vt 0.056106 0.905647
vt 0.059627 0.863775
vt 0.443435 0.926861
vt 0.574355 0.866600
vt 0.603813 0.834781
vt 0.613488 0.850743
vt 0.573279 0.910325
vt 0.573279 0.829537
vt 0.777256 0.962233
vt 0.452984 0.393362
vt 0.819722 0.721219
vt 0.225340 0.888824
vt 0.402147 0.368212
vt 0.375313 0.292460
vt 0.401257 0.319891
vt 0.314229 0.306484
vt 0.826929 0.618230
vt 0.851929 0.789893
vt 0.814667 0.570311
vt 0.539275 0.255716
vt 0.534711 0.295047
vt 0.495416 0.290565
vt 0.499980 0.251234
vt 0.515517 0.274760
vt 0.623314 0.616502
vt 0.562383 0.591774
vt 0.579904 0.638793
vt 0.302165 0.981817
vt 0.302165 0.947598
vt 0.331869 0.958142
s 1
usemtl Materiais
f 30/1/1 27/2/2 21/3/3 25/4/4
f 62/5/5 56/6/6 38/7/7 33/8/8
f 63/9/9 62/5/5 33/8/8 53/10/10
f 83/11/11 25/4/4 19/12/12 56/13/6
f 89/14/13 83/15/11 56/6/6 62/5/5
f 93/16/14 89/14/13 62/5/5 63/9/9
f 98/17/15 97/18/16 69/19/17 80/20/18
f 27/2/2 98/17/15 80/20/18 21/3/3
f 30/1/1 101/21/19 98/17/15 27/2/2
f 101/21/19 30/1/1 25/4/4 83/11/11
f 104/22/20 101/21/19 83/11/11 89/23/13
f 112/24/21 109/25/22 97/18/16 98/17/15
f 116/26/23 112/24/21 98/17/15 101/21/19
f 119/27/24 116/26/23 101/21/19 104/22/20
f 129/28/25 53/10/10 33/8/8 123/29/26
f 131/30/27 129/28/25 123/29/26 127/31/28
f 133/32/29 63/9/9 53/10/10 129/28/25
f 139/33/30 93/34/14 143/35/31
f 143/35/31 93/34/14 63/36/9 133/37/29
f 146/38/32 104/39/20 89/14/13 139/40/30
f 149/41/33 146/38/32 139/40/30 143/42/31
f 109/25/22 150/43/34 5/44/35 4/45/36
f 112/24/21 153/46/37 150/43/34 109/25/22
f 116/26/23 154/47/38 153/46/37 112/24/21
f 119/27/24 156/48/39 154/47/38 116/26/23
f 156/48/39 119/27/24 104/22/20 146/49/32
f 158/50/40 156/51/39 146/38/32 149/41/33
f 201/52/41 164/53/42 123/54/26
f 164/55/42 127/31/28 123/29/26
f 315/56/43 376/57/44 129/58/25 131/59/27
f 315/56/43 131/59/27 127/60/28 164/61/42
f 376/57/44 377/62/45 133/37/29 129/58/25
f 330/63/46 378/64/47 143/35/31 133/37/29 377/62/45
f 380/65/48 175/66/49 378/67/47 379/68/50
f 378/67/47 175/66/49 178/69/51
f 378/67/47 178/69/51 149/70/33 143/71/31
f 381/72/52 383/73/53 181/74/54 184/75/55 382/76/56
f 154/77/38 184/75/55 181/74/54 153/78/37
f 384/79/57 382/80/56 184/81/55 189/82/58 175/83/49 380/84/48
f 156/85/39 189/82/58 184/81/55 154/86/38
f 189/87/58 192/88/59 178/69/51 175/66/49
f 158/89/40 192/90/59 189/91/58 156/92/39
f 192/93/59 158/50/40 149/41/33 178/94/51
f 315/56/43 164/61/42 201/95/41
f 372/96/60 385/97/61 181/74/54 383/73/53
f 388/98/62 209/99/63 386/100/64 387/101/65
f 219/102/66 215/103/67 8/104/68 14/105/69
f 213/106/70 219/102/66 14/105/69 5/44/35
f 219/102/66 229/107/71 228/108/72 215/103/67
f 224/109/73 230/110/74 229/111/71 219/112/66
f 229/113/71 233/114/75 231/115/76 228/116/72
f 237/117/77 213/106/70 5/44/35 150/43/34
f 239/118/78 237/117/77 150/43/34 153/46/37
f 237/117/77 242/119/79 219/102/66 213/106/70
f 239/118/78 244/120/80 242/119/79 237/117/77
f 244/120/80 239/118/78 153/46/37 181/121/54
f 246/122/81 224/123/73 219/102/66 242/119/79
f 244/124/80 250/125/82 247/126/83 242/127/79
f 386/128/64 250/125/82 244/124/80 181/74/54 385/97/61
f 230/129/74 251/130/84 247/126/83 229/131/71
f 246/132/81 251/133/84 230/110/74 224/109/73
f 251/130/84 246/134/81 242/127/79 247/126/83
f 247/126/83 253/135/85 233/136/75 229/131/71
f 353/137/86 253/138/85 256/139/87 209/99/63 388/98/62
f 250/125/82 256/140/87 253/135/85 247/126/83
f 389/141/88 260/142/89 390/143/90
f 390/144/90 260/145/89 268/146/91 273/147/92
f 233/114/75 277/148/93 275/149/94 231/115/76
f 360/150/95 278/151/96 280/152/97 260/142/89 389/141/88
f 277/153/93 280/154/97 278/155/96 275/156/94
f 253/135/85 281/157/98 277/153/93 233/136/75
f 348/158/99 281/157/98 253/135/85 353/159/86
f 353/160/86 391/161/100 348/162/99
f 280/154/97 282/163/101 268/146/91 260/145/89
f 281/157/98 282/163/101 280/154/97 277/153/93
f 348/158/99 268/146/91 282/163/101 281/157/98
f 93/16/14 139/40/30 89/14/13
f 392/164/102 286/165/103 393/166/104
f 393/167/104 286/168/103 395/169/105 394/170/106
f 395/171/105 286/172/103 392/173/102 396/174/107
f 399/175/108 288/176/109 397/177/110 398/178/111
f 400/179/112 397/177/110 288/176/109
f 400/179/112 288/176/109 399/175/108 401/180/113
f 402/181/114 293/182/115 403/183/116
f 404/184/117 403/185/116 293/186/115 405/187/118
f 293/186/115 402/188/114 406/189/119 405/187/118
f 412/190/120 411/191/121 302/192/122 413/193/123
f 414/194/124 413/195/123 302/196/122
f 414/197/124 302/198/122 411/199/121 415/200/125
f 418/201/126 304/202/127 416/203/128 417/204/129
f 419/205/130 416/206/128 304/207/127
f 419/208/130 304/209/127 418/210/126 420/211/131
f 422/212/132 421/213/133 307/214/134 423/215/135 424/216/136
f 423/217/135 307/218/134 426/219/137 425/220/138
f 427/221/139 426/222/137 307/223/134 421/224/133
f 7/225/140 10/226/141 1/227/142 85/228/143
f 11/229/144 15/230/145 24/231/146 26/232/147
f 15/230/145 122/233/148 124/234/149 24/231/146
f 26/232/147 24/231/146 29/235/150 31/236/151
f 35/237/152 31/236/151 29/235/150 36/238/153
f 29/235/150 24/231/146 124/234/149 128/239/154
f 35/237/152 36/238/153 87/240/155 91/241/156
f 36/238/153 29/235/150 128/239/154 141/242/157
f 39/243/158 42/244/159 47/245/160 57/246/161
f 121/247/162 117/248/163 42/244/159 39/243/158
f 132/249/164 60/250/165 47/245/160 130/251/166 477/252/167
f 130/251/166 47/245/160 42/244/159 157/253/168
f 57/246/161 47/245/160 60/250/165 66/254/169
f 132/249/164 135/255/170 73/256/171 480/257/172 479/258/172 478/259/172 60/250/165
f 479/258/172 480/257/172 73/256/171 60/250/165 478/259/172
f 66/254/169 60/250/165 73/256/171 76/260/173
f 73/256/171 135/255/170 138/261/174 85/228/143
f 76/260/173 73/256/171 85/228/143 1/227/142
f 126/262/175 7/225/140 85/228/143 138/261/174
f 95/263/176 91/241/156 87/240/155 99/264/177
f 87/240/155 36/238/153 141/242/157 144/265/178
f 95/263/176 99/264/177 102/266/179 106/267/180
f 99/264/177 87/240/155 144/265/178 147/268/181
f 102/266/179 99/264/177 147/268/181 151/269/182
f 102/266/179 151/269/182 152/270/183 110/271/184
f 106/267/180 102/266/179 110/271/184 114/272/185
f 110/271/184 152/270/183 155/273/186 117/248/163
f 114/272/185 110/271/184 117/248/163 121/247/162
f 117/248/163 155/273/186 157/253/168 42/244/159
f 122/233/148 159/274/187 160/275/188 124/234/149
f 128/239/154 124/234/149 160/275/188 167/276/189
f 128/239/154 167/276/189 172/277/190 141/242/157
f 130/251/166 157/253/168 481/278/191
f 135/255/170 162/279/192 163/280/193 138/261/174
f 483/281/194 162/279/192 135/255/170 132/249/164 482/282/195
f 165/283/196 126/262/175 138/261/174 163/280/193
f 141/242/157 172/277/190 173/284/197 144/265/178
f 144/265/178 173/284/197 174/285/198 147/268/181
f 147/268/181 174/285/198 177/286/199 151/269/182
f 151/269/182 177/286/199 179/287/200 152/270/183
f 179/287/200 183/288/201 155/273/186 152/270/183
f 160/275/188 159/274/187 171/289/202 194/290/203
f 160/275/188 194/290/203 199/291/204 167/276/189
f 187/292/205 163/280/193 162/279/192 226/293/206
f 187/292/205 190/294/207 165/283/196 163/280/193
f 477/252/167 130/251/166 487/295/208 132/249/164
f 171/289/202 208/296/209 212/297/210 194/290/203
f 172/277/190 167/276/189 199/291/204 206/298/211
f 172/277/190 206/298/211 207/299/212 173/284/197
f 431/300/213 177/286/199 174/285/198 214/301/214
f 207/299/212 214/301/214 174/285/198 173/284/197
f 432/302/215 179/287/200 177/286/199 431/300/213
f 183/288/201 179/287/200 432/302/215 433/303/216 430/304/217
f 205/305/218 190/294/207 187/292/205 227/306/219
f 221/307/220 227/306/219 187/292/205 226/293/206
f 203/308/221 252/309/222 217/310/223
f 485/311/224 238/312/225 221/307/220 226/293/206
f 199/291/204 194/290/203 212/297/210 234/313/226
f 199/291/204 234/313/226 235/314/227 206/298/211
f 183/288/201 430/304/217 203/308/221 484/315/228
f 130/251/166 481/278/191 486/316/229 487/295/208
f 267/317/230 207/299/212 206/298/211 235/314/227
f 208/296/209 241/318/231 243/319/232 212/297/210
f 217/310/223 252/309/222 249/320/233 263/321/234
f 217/310/223 263/321/234 258/322/235 238/312/225
f 258/322/235 254/323/236 221/307/220 238/312/225
f 232/324/237 205/305/218 227/306/219 255/325/238
f 254/323/236 255/325/238 227/306/219 221/307/220
f 429/326/239 257/327/240 249/320/233 252/309/222 428/328/241
f 234/313/226 212/297/210 243/319/232 261/329/242
f 234/313/226 261/329/242 262/330/243 235/314/227
f 241/318/231 265/331/244 266/332/245 243/319/232
f 243/319/232 266/332/245 269/333/246 261/329/242
f 18/334/247 434/335/248 267/317/230 23/336/249
f 249/320/233 271/337/250 272/338/251 263/321/234
f 254/323/236 274/339/252 264/340/253 255/325/238
f 259/341/254 232/324/237 255/325/238 264/340/253
f 258/322/235 263/321/234 272/338/251 291/342/255
f 274/339/252 254/323/236 258/322/235 291/342/255
f 267/317/230 235/314/227 262/330/243 23/336/249
f 262/330/243 261/329/242 269/333/246 276/343/256
f 262/330/243 276/343/256 279/344/257 23/336/249
f 421/345/133 422/346/132 201/95/41 264/340/253 274/339/252 292/347/258 427/348/139
f 123/349/26 259/341/254 264/340/253 201/95/41
f 265/331/244 283/350/259 284/351/260 266/332/245
f 266/332/245 284/351/260 285/352/261 269/333/246
f 299/353/262 276/343/256 269/333/246 285/352/261
f 287/354/263 271/337/250 270/355/264 435/356/265
f 271/337/250 287/354/263 289/357/266 272/338/251
f 272/338/251 289/357/266 290/358/267 291/342/255
f 276/343/256 299/353/262 79/359/268 279/344/257
f 236/360/269 436/361/270 435/356/265 270/355/264
f 283/350/259 297/362/271 294/363/272 284/351/260
f 284/351/260 294/363/272 295/364/273 285/352/261
f 285/352/261 295/364/273 298/365/274 299/353/262
f 296/366/275 300/367/276 289/357/266 287/354/263
f 289/357/266 300/367/276 301/368/277 290/358/267
f 290/358/267 301/368/277 303/369/278 292/347/258
f 291/342/255 290/358/267 292/347/258 274/339/252
f 418/370/126 417/371/129 315/56/43 201/95/41 422/346/132 424/372/136 423/217/135 425/220/138 426/219/137 427/348/139 292/347/258 303/369/278 420/373/131
f 315/374/43 319/375/279 376/376/44
f 295/364/273 294/363/272 306/377/280 308/378/281
f 295/364/273 308/378/281 309/379/282 298/365/274
f 305/380/283 296/366/275 287/354/263 435/356/265
f 456/381/284 458/382/285 310/383/286 300/367/276 296/366/275 457/384/287
f 297/362/271 312/385/288 306/377/280 294/363/272
f 298/365/274 79/359/268 299/353/262
f 298/365/274 309/379/282 313/386/289 79/359/268
f 300/367/276 310/383/286 311/387/290 301/368/277
f 314/388/291 303/369/278 301/368/277 311/387/290
f 148/389/292 79/359/268 313/386/289 437/390/293
f 459/391/294 457/384/287 296/366/275 305/380/283 318/392/295 462/393/296 461/394/297 460/395/298
f 305/380/283 438/396/299 318/392/295
f 316/397/300 308/378/281 306/377/280 322/398/301
f 308/378/281 316/397/300 317/399/302 309/379/282
f 464/400/303 329/401/304 310/383/286 458/382/285 465/402/305 466/403/306 463/404/307
f 329/401/304 375/405/308 311/387/290 310/383/286
f 322/398/301 306/377/280 312/385/288 331/406/309
f 313/386/289 309/379/282 317/399/302 323/407/310
f 419/408/130 420/373/131 303/369/278 314/388/291 319/409/279 315/56/43 417/371/129 416/410/128
f 314/388/291 311/387/290 375/405/308 374/411/311
f 316/397/300 332/412/312 333/413/313 317/399/302
f 337/414/314 332/412/312 316/397/300 322/398/301
f 324/415/315 323/407/310 317/399/302 333/413/313
f 468/416/316 462/393/296 318/392/295 327/417/317 469/418/318 467/419/319
f 318/392/295 438/396/299 166/420/320 321/421/321 327/417/317
f 376/376/44 319/375/279 330/422/46 377/423/45
f 319/409/279 314/388/291 374/411/311 330/63/46
f 441/424/322 440/425/323 321/421/321 166/420/320 439/426/324
f 443/427/325 334/428/326 335/429/327 321/421/321 440/425/323
f 437/390/293 313/386/289 323/407/310 320/430/328
f 321/421/321 335/429/327 336/431/329 327/417/317
f 323/407/310 324/415/315 325/432/330 320/430/328
f 338/433/331 325/432/330 324/415/315 345/434/332
f 325/432/330 338/433/331 339/435/333 334/428/326
f 471/436/334 469/418/318 327/417/317 336/431/329 326/437/335 470/438/336
f 476/439/337 470/438/336 326/437/335 328/440/338 329/401/304 464/400/303 472/441/339 473/442/339 475/443/340 474/444/341
f 341/445/342 328/440/338 326/437/335 273/147/92
f 328/440/338 343/446/343 375/405/308 329/401/304
f 397/177/110 400/179/112 378/64/47
f 398/178/111 397/177/110 378/64/47 330/63/46 374/411/311 402/188/114 403/185/116 401/180/113 399/175/108
f 331/406/309 347/447/344 337/414/314 322/398/301
f 344/448/345 333/413/313 332/412/312 354/449/346
f 333/413/313 344/448/345 345/434/332 324/415/315
f 334/428/326 339/435/333 340/450/347 335/429/327
f 346/451/348 336/431/329 335/429/327 340/450/347
f 273/147/92 326/437/335 336/431/329 346/451/348
f 268/146/91 348/158/99 341/445/342 273/147/92
f 354/449/346 332/412/312 337/414/314 355/452/349
f 349/453/350 350/454/351 339/435/333 338/433/331
f 339/435/333 350/454/351 351/455/352 340/450/347
f 352/456/353 346/451/348 340/450/347 351/455/352
f 341/445/342 342/457/354 343/446/343 328/440/338
f 411/191/121 412/190/120 342/457/354 341/445/342 348/158/99 353/159/86 415/458/125
f 373/459/355 343/446/343 342/457/354 372/96/60
f 402/188/114 374/411/311 375/405/308 343/446/343 373/459/355
f 361/460/356 345/434/332 344/448/345 364/461/357
f 363/462/358 364/461/357 344/448/345 354/449/346
f 349/453/350 338/433/331 345/434/332 361/460/356
f 347/447/344 359/463/359 355/452/349 337/414/314
f 389/464/88 390/144/90 352/456/353 358/465/360 360/466/95
f 410/467/361 409/468/362 407/469/363 408/470/364
f 356/471/365 350/454/351 349/453/350 362/472/366
f 350/454/351 356/471/365 357/473/367 351/455/352
f 351/455/352 357/473/367 358/465/360 352/456/353
f 407/469/363 372/96/60 342/457/354 412/190/120 413/193/123 414/474/124 408/470/364
f 409/468/362 386/128/64 385/97/61 372/96/60 407/469/363
f 410/467/361 408/470/364 414/474/124 415/458/125 353/159/86 388/475/62
f 250/125/82 386/128/64 209/476/63 256/140/87
f 355/452/349 365/477/368 363/462/358 354/449/346
f 365/477/368 355/452/349 359/463/359 366/478/369
f 362/472/366 349/453/350 361/460/356 369/479/370
f 368/480/371 369/479/370 361/460/356 364/461/357
f 363/462/358 367/481/372 368/480/371 364/461/357
f 367/481/372 363/462/358 365/477/368 371/482/373
f 366/478/369 370/483/374 371/482/373 365/477/368
f 273/147/92 346/451/348 352/456/353 390/144/90
f 410/467/361 388/475/62 387/484/65 386/128/64 409/468/362
f 395/485/105 381/72/52 382/76/56 384/486/57 393/487/104 394/488/106
f 392/489/102 393/487/104 384/486/57 380/490/48 379/491/50 373/459/355 372/96/60 383/73/53 381/72/52 395/485/105 396/492/107
f 403/185/116 404/184/117 379/491/50 378/64/47 400/179/112 401/180/113
f 406/189/119 402/188/114 373/459/355 379/491/50 404/184/117 405/187/118
f 444/493/375 92/494/376 445/495/377
f 444/493/375 211/496/378 218/497/379 64/498/380
f 240/499/381 115/500/382 64/498/380 218/497/379
f 92/494/376 28/501/383 70/502/384 88/503/385
f 447/504/386 70/502/384 28/501/383
f 32/505/387 70/502/384 455/506/388
f 70/502/384 32/505/387 84/507/389 88/503/385
f 54/508/390 84/507/389 32/505/387 75/509/391 450/510/392
f 75/509/391 32/505/387 449/511/393 67/512/394
f 37/513/395 75/509/391 67/512/394 451/514/396
f 78/515/397 37/513/395 451/514/396 452/516/398
f 44/517/399 78/515/397 452/516/398 453/518/400
f 48/519/401 78/515/397 44/517/399
f 48/519/401 44/517/399 82/520/402 61/521/403
f 82/520/402 44/517/399 453/518/400 454/522/404
f 257/327/240 51/523/405 82/520/402 454/522/404
f 61/521/403 82/520/402 51/523/405 125/524/406
f 125/524/406 51/523/405 429/326/239 428/328/241
f 214/525/214 3/526/407 2/527/408
f 434/528/248 3/526/407 214/525/214
f 9/529/409 431/530/213 2/527/408
f 214/301/214 207/299/212 267/317/230 434/335/248
f 432/531/215 6/532/410 433/533/216
f 203/308/221 430/304/217 125/524/406 428/328/241 252/309/222
f 12/534/411 18/535/247 49/536/412
f 50/537/413 22/538/414 59/539/415
f 50/540/413 49/536/412 22/541/414
f 18/542/247 23/543/249 34/544/416
f 71/545/417 454/522/404 453/518/400
f 72/546/418 448/547/419 108/548/420 111/549/421
f 115/550/382 108/551/420 447/552/386
f 45/553/422 40/554/423 48/519/401
f 134/555/424 137/556/425 46/557/426
f 433/558/216 6/559/410 120/560/427
f 46/561/426 48/562/401 61/563/403
f 54/508/390 59/564/415 84/507/389
f 454/522/404 71/545/417 65/565/428
f 74/566/429 71/545/417 68/567/430
f 100/568/431 74/566/429 68/567/430
f 86/569/432 77/570/433 90/571/434
f 86/572/432 34/573/416 77/574/433
f 81/575/435 88/576/385 84/577/389
f 94/578/436 88/579/385 90/580/434
f 88/581/385 94/582/436 92/583/376
f 94/582/436 96/584/437 92/583/376
f 92/583/376 96/584/437 445/585/377
f 107/586/438 103/587/439 118/588/440
f 74/589/429 105/590/441 140/591/442
f 100/592/431 103/593/439 107/594/438
f 118/588/440 113/595/443 107/586/438
f 435/596/265 436/597/270 142/598/444
f 136/599/445 120/600/427 137/601/425
f 145/602/446 113/603/443 204/604/447
f 140/591/442 145/605/446 142/606/444
f 161/607/448 437/608/293 168/609/449
f 166/610/320 220/611/450 439/612/324
f 320/613/328 168/609/449 437/608/293
f 223/614/451 168/609/449 169/615/452
f 442/616/453 170/617/454 169/615/452
f 443/618/325 170/617/454 442/616/453
f 223/614/451 169/615/452 170/617/454
f 90/580/434 176/619/455 180/620/456
f 180/620/456 94/578/436 90/580/434
f 180/620/456 176/619/455 188/621/457
f 96/584/437 198/622/458 186/623/459
f 185/624/460 182/625/461 94/626/436
f 161/607/448 168/609/449 188/627/457
f 193/628/462 197/629/463 195/630/464
f 195/631/464 168/632/449 223/633/451
f 198/622/458 197/634/463 186/623/459
f 202/635/465 185/636/460 191/637/466
f 210/638/467 248/639/468 222/640/469
f 166/610/320 438/641/299 222/642/469
f 441/643/322 439/612/324 220/611/450
f 195/631/464 223/633/451 216/644/470
f 225/645/471 216/644/470 223/633/451
f 438/641/299 305/646/283 222/642/469
f 145/647/446 305/646/283 142/648/444
f 214/525/214 2/527/408 431/530/213
f 434/528/248 18/649/247 12/650/411
f 434/528/248 12/650/411 3/526/407
f 43/651/472 6/652/410 9/653/409
f 49/536/412 18/535/247 22/541/414
f 34/544/416 55/654/473 22/655/414 18/542/247
f 79/656/268 34/657/416 279/658/257
f 58/659/474 59/660/415 22/661/414
f 450/662/392 52/663/475 54/664/390
f 279/665/257 34/544/416 23/543/249
f 37/666/395 52/667/475 450/668/392
f 65/669/428 257/670/240 454/671/404
f 34/672/416 86/673/432 55/674/473
f 34/657/416 79/656/268 77/675/433
f 2/676/408 3/677/407 41/678/476 40/554/423
f 3/526/407 12/650/411 49/679/412 41/680/476
f 2/676/408 40/554/423 45/553/422 9/653/409
f 40/554/423 52/681/475 37/513/395
f 137/682/425 120/560/427 6/559/410 43/683/472
f 137/556/425 43/651/472 46/557/426
f 45/553/422 46/557/426 43/651/472 9/653/409
f 46/557/426 45/553/422 48/519/401
f 125/684/406 134/685/424 46/561/426 61/563/403
f 40/554/423 41/678/476 52/681/475
f 41/678/476 49/686/412 50/687/413
f 52/681/475 41/678/476 50/687/413
f 59/564/415 52/681/475 50/687/413
f 54/508/390 52/681/475 59/564/415
f 58/659/474 22/661/414 55/688/473
f 81/689/435 59/660/415 58/659/474
f 81/690/435 84/691/389 59/692/415
f 48/519/401 40/554/423 37/513/395
f 48/519/401 37/513/395 78/515/397
f 452/516/398 451/514/396 67/512/394 68/567/430 71/545/417 453/518/400
f 68/567/430 67/512/394 72/693/418 100/568/431
f 65/565/428 71/545/417 236/360/269
f 81/689/435 58/659/474 86/694/432 88/579/385
f 74/589/429 236/695/269 71/696/417
f 58/659/474 55/688/473 86/694/432
f 90/580/434 88/579/385 86/694/432
f 448/697/419 72/693/418 67/512/394 449/511/393
f 448/547/419 447/698/386 108/548/420
f 103/587/439 100/568/431 72/693/418
f 105/699/441 100/568/431 107/586/438
f 100/568/431 105/699/441 74/566/429
f 111/700/421 103/587/439 72/693/418
f 107/586/438 113/595/443 105/699/441
f 105/590/441 113/701/443 140/591/442
f 103/702/439 111/703/421 115/704/382
f 145/605/446 140/591/442 113/701/443
f 115/550/382 111/705/421 108/551/420
f 103/706/439 115/707/382 446/708/477 118/709/440
f 120/710/427 136/711/445 430/712/217
f 113/595/443 118/588/440 204/713/447
f 120/560/427 430/714/217 433/558/216
f 134/685/424 125/684/406 430/715/217
f 270/355/264 65/565/428 236/360/269
f 136/716/445 134/717/424 430/718/217
f 431/530/213 9/529/409 6/719/410 432/720/215
f 257/670/240 65/669/428 270/721/264
f 134/555/424 136/722/445 137/556/425
f 148/723/292 176/724/455 77/570/433 79/725/268
f 140/591/442 236/695/269 74/589/429
f 140/591/442 142/606/444 236/695/269
f 236/726/269 142/598/444 436/597/270
f 437/608/293 161/607/448 148/727/292
f 161/607/448 188/627/457 176/728/455 148/727/292
f 320/613/328 169/615/452 168/609/449
f 320/613/328 442/616/453 169/615/452
f 440/729/323 170/730/454 443/731/325
f 442/732/453 320/430/328 325/432/330 334/428/326 443/427/325
f 90/571/434 77/570/433 176/724/455
f 198/733/458 96/734/437 94/626/436 182/625/461
f 200/735/478 182/736/461 185/737/460 202/738/465
f 94/626/436 191/739/466 185/624/460
f 180/740/456 188/741/457 191/739/466
f 191/637/466 188/627/457 196/742/479
f 186/623/459 193/743/462 96/584/437
f 186/623/459 197/634/463 193/743/462
f 195/744/464 197/745/463 196/742/479
f 195/744/464 188/627/457 168/609/449
f 196/742/479 188/627/457 195/744/464
f 182/736/461 200/735/478 198/746/458
f 197/747/463 200/748/478 202/749/465 196/750/479
f 197/747/463 198/751/458 200/748/478
f 196/742/479 202/635/465 191/637/466
f 204/752/447 118/709/440 446/708/477
f 210/638/467 145/753/446 204/713/447
f 145/647/446 210/754/467 305/646/283
f 445/585/377 96/584/437 444/755/375
f 240/499/381 210/638/467 446/756/477
f 211/496/378 225/645/471 220/757/450 218/497/379
f 444/493/375 216/644/470 211/496/378
f 210/638/467 245/758/480 248/639/468
f 225/645/471 211/496/378 216/644/470
f 444/493/375 193/759/462 195/631/464 216/644/470
f 305/646/283 210/754/467 222/642/469
f 222/642/469 220/611/450 166/610/320
f 440/729/323 441/643/322 220/611/450 225/760/471
f 305/646/283 435/761/265 142/648/444
f 225/760/471 223/762/451 170/730/454
f 245/758/480 240/499/381 218/497/379
f 94/626/436 180/740/456 191/739/466
f 218/497/379 220/757/450 248/639/468 245/758/480
f 210/638/467 240/499/381 245/758/480
f 248/639/468 220/757/450 222/640/469
f 444/755/375 96/584/437 193/743/462
f 444/493/375 64/498/380 28/501/383 92/494/376
f 210/638/467 204/713/447 446/756/477
f 446/756/477 115/500/382 240/499/381
f 115/500/382 447/504/386 28/501/383 64/498/380
f 447/504/386 455/506/388 70/502/384
f 447/504/386 448/697/419 455/506/388
f 449/511/393 32/505/387 455/506/388 448/697/419
f 270/355/264 271/337/250 249/320/233 257/327/240
f 440/729/323 225/760/471 170/730/454
f 257/327/240 429/326/239 51/523/405
f 450/510/392 75/509/391 37/513/395
f 472/441/339 464/400/303 463/404/307 466/403/306 20/763/481 475/443/340 473/442/339
f 458/382/285 456/381/284 16/764/482 465/402/305
f 16/764/482 20/763/481 466/403/306 465/402/305
f 462/393/296 468/416/316 13/765/483 460/395/298 461/394/297
f 459/391/294 460/395/298 13/765/483 16/764/482 456/381/284 457/384/287
f 469/418/318 471/436/334 17/766/484 13/765/483 468/416/316 467/419/319
f 20/763/481 16/764/482 491/767/485
f 470/438/336 476/439/337 17/766/484 471/436/334
f 474/444/341 475/443/340 20/763/481 17/766/484 476/439/337
f 487/295/208 489/768/486 226/293/206 483/281/194
f 488/769/487 489/768/486 490/770/488
f 483/281/194 482/282/195 487/295/208
f 482/771/195 132/772/164 487/773/208
f 484/315/228 203/308/221 486/316/229 481/278/191
f 203/308/221 217/310/223 488/769/487 486/316/229
f 489/768/486 488/769/487 217/310/223 485/311/224
f 485/311/224 217/310/223 238/312/225
f 484/315/228 481/278/191 157/253/168 155/273/186 183/288/201
f 226/293/206 489/768/486 485/311/224
f 226/293/206 162/279/192 483/281/194
f 487/295/208 486/316/229 490/770/488
f 486/316/229 488/769/487 490/770/488
f 489/768/486 487/295/208 490/770/488
f 13/765/483 17/766/484 491/767/485
f 17/766/484 20/763/481 491/767/485
f 16/764/482 13/765/483 491/767/485
l 494 495
l 492 493
l 493 494
o Palms
v 9.909655 0.855747 3.781079
v 9.753235 0.852255 3.943029
v 9.915022 0.860092 4.099461
v 10.071443 0.863585 3.937511
v 9.813007 3.584545 3.810874
v 9.720825 3.582487 3.906315
v 9.816170 3.587106 3.998503
v 9.908352 3.589164 3.903062
v 9.980620 1.543198 3.929767
v 9.952855 2.225056 3.920929
v 9.927202 2.906989 3.912055
v 9.837539 2.902645 3.825359
v 9.861956 2.220652 3.833038
v 9.886337 1.538630 3.838604
v 9.795182 1.536595 3.932983
v 9.774072 2.218690 3.924030
v 9.750850 2.900709 3.915113
v 9.840513 2.905053 4.001809
v 9.864971 2.223093 4.011920
v 9.889464 1.541162 4.024145
v 9.903570 1.044793 3.818357
v 9.907598 1.048053 4.057265
v 10.024972 1.050674 3.935741
v 9.786196 1.042172 3.939882
v 9.809851 3.654463 3.772436
v 9.680803 3.651582 3.906046
v 9.814279 3.658048 4.035104
v 9.943327 3.660930 3.901494
v 9.806152 3.821269 3.901618
v 8.113393 3.467342 4.250339
v 9.963586 3.676458 4.216296
v 8.102520 3.458539 3.605343
v 9.952713 3.667655 3.571300
v 9.071948 3.722275 4.230701
v 9.061075 3.713473 3.585705
v 10.333972 3.532263 2.315791
v 9.349075 3.660780 3.891090
v 10.881504 3.556323 2.656152
v 9.896607 3.684840 4.231451
v 9.815696 3.745212 3.134478
v 10.363228 3.769271 3.474839
v 11.053622 3.598433 4.989577
v 9.875827 3.680707 3.549392
v 10.553957 3.585850 5.397489
v 9.376162 3.668123 3.957304
v 10.434863 3.787293 4.237463
v 9.935198 3.774709 4.645375
v 11.545534 3.237581 3.651170
v 9.733943 3.657872 3.553196
v 11.517320 3.266069 4.295070
v 9.705729 3.686359 4.197097
v 10.624081 3.600822 3.594723
v 10.595867 3.629310 4.238624
v 8.900064 3.118616 2.524642
v 9.527905 3.649393 4.195630
v 9.498634 3.158068 2.287210
v 10.126474 3.688845 3.958198
v 9.207627 3.537655 3.369638
v 9.806196 3.577106 3.132206
v 9.304047 3.139762 5.497531
v 10.144389 3.635669 3.911338
v 8.734390 3.136500 5.194715
v 9.574733 3.632407 3.608522
v 9.728024 3.541492 4.695618
v 9.158367 3.538229 4.392803
v 0.357733 1.668576 2.533761
v 0.183437 1.657552 2.696834
v 0.345229 1.679746 2.871261
v 0.519526 1.690770 2.708187
v 0.073981 4.551948 2.497293
v -0.028736 4.545451 2.593395
v 0.066611 4.558531 2.696188
v 0.169327 4.565027 2.600086
v 0.379115 2.404109 2.679376
v 0.305304 3.124032 2.652815
v 0.233723 3.844175 2.626329
v 0.144057 3.831875 2.529661
v 0.214402 3.111562 2.554814
v 0.284829 2.391176 2.577727
v 0.183256 2.384752 2.672760
v 0.116474 3.105369 2.646436
v 0.047462 3.825765 2.620037
v 0.137127 3.838065 2.716706
v 0.207376 3.117838 2.744437
v 0.277542 2.397685 2.774409
v 0.336742 1.869058 2.568575
v 0.327359 1.877439 2.821829
v 0.458148 1.885712 2.699461
v 0.205955 1.860785 2.690942
v 0.068195 4.625017 2.454790
v -0.075601 4.615922 2.589327
v 0.057878 4.634232 2.733230
v 0.201674 4.643327 2.598693
v 0.046027 4.803903 2.587612
v -1.762667 4.322129 2.862442
v 0.172362 4.665244 2.922780
v -1.737333 4.299500 2.178716
v 0.197694 4.642615 2.239054
v -0.769465 4.654697 2.888234
v -0.744133 4.632069 2.204508
v 0.679190 4.501110 0.938794
v -0.453685 4.601470 2.542611
v 1.237524 4.569922 1.328875
v 0.104649 4.670282 2.932691
v 0.073916 4.707195 1.768787
v 0.632252 4.776008 2.158868
v 1.285518 4.671125 3.798040
v 0.121324 4.651388 2.213750
v 0.734992 4.632265 4.203069
v -0.429199 4.612527 2.618779
v 0.663926 4.814636 2.966929
v 0.113400 4.775776 3.371958
v 1.896257 4.297143 2.420714
v -0.032050 4.617278 2.208920
v 1.828353 4.337974 3.100683
v -0.099955 4.658108 2.888890
v 0.905809 4.617715 2.302554
v 0.837905 4.658545 2.982522
v -0.813109 3.974004 1.096563
v -0.280738 4.607544 2.880076
v -0.169339 4.051266 0.876956
v 0.363030 4.684807 2.660468
v -0.564227 4.452838 1.994613
v 0.079542 4.530099 1.775005
v -0.553517 4.080702 4.245162
v 0.386889 4.628475 2.607697
v -1.138730 4.033159 3.893166
v -0.198325 4.580932 2.255701
v -0.088849 4.517101 3.413683
v -0.674063 4.469558 3.061687
v 1.068389 1.733573 2.630165
v 0.918470 1.751340 2.741695
v 1.028544 1.732871 2.892601
v 1.178464 1.715103 2.781071
v 1.366426 3.987564 2.736577
v 1.278076 3.998035 2.802304
v 1.342946 3.987150 2.891236
v 1.431296 3.976679 2.825510
v 1.200779 2.286197 2.785987
v 1.274614 2.850110 2.798707
v 1.350177 3.413782 2.811687
v 1.289172 3.424018 2.728054
v 1.212769 2.860487 2.713921
v 1.136631 2.296960 2.698045
v 1.049265 2.307314 2.763041
v 1.128538 2.870470 2.776583
v 1.206086 3.433865 2.789865
v 1.267091 3.423629 2.873497
v 1.190383 2.860092 2.861369
v 1.113412 2.296551 2.850982
v 1.084577 1.889250 2.666549
v 1.054678 1.888723 2.863476
v 1.167174 1.875391 2.779786
v 0.972079 1.902582 2.750239
v 1.379028 4.045846 2.707007
v 1.255343 4.060503 2.799020
v 1.346156 4.045266 2.923519
v 1.469839 4.030608 2.831506
v 1.381116 4.181910 2.818440
v -0.027714 4.126118 2.877114
v 1.530957 4.031189 3.113503
v 0.053002 4.127541 2.345458
v 1.611674 4.032612 2.581848
v 0.800119 4.198454 3.002993
v 0.880839 4.199876 2.471337
v 2.082747 3.878487 1.582295
v 1.064095 4.111595 2.766508
v 2.481524 3.816034 1.937614
v 1.462873 4.049143 3.121827
v 1.569073 4.121567 2.201521
v 1.967850 4.059115 2.556839
v 2.295211 3.800005 3.910505
v 1.542766 4.056344 2.545782
v 1.831510 3.856791 4.176835
v 1.079064 4.113130 2.812113
v 1.920098 4.055177 3.202997
v 1.456396 4.111964 3.469327
v 2.854883 3.439980 2.853537
v 1.436093 4.056097 2.534492
v 2.745417 3.460333 3.379634
v 1.326629 4.076450 3.060590
v 2.155629 3.877083 2.691132
v 2.046164 3.897435 3.217230
v 0.812116 3.740476 1.524920
v 1.165401 4.073409 3.027817
v 1.335657 3.689701 1.413100
v 1.688941 4.022634 2.915997
v 1.003752 4.034979 2.288422
v 1.527293 3.984204 2.176601
v 0.714605 3.667092 4.084252
v 1.704278 3.976351 2.892924
v 0.295533 3.749378 3.757476
v 1.285204 4.058637 2.566148
v 1.235207 3.948601 3.487495
v 0.816133 4.030886 3.160719
v 3.010433 2.807154 5.427910
v 2.789383 2.835065 5.514234
v 2.875918 2.831646 5.736930
v 3.096968 2.803734 5.650607
v 3.313154 5.688753 5.407171
v 3.182884 5.705201 5.458044
v 3.233881 5.703187 5.589284
v 3.364151 5.686737 5.538412
v 3.115385 3.529413 5.601109
v 3.194754 4.248883 5.578634
v 3.276165 4.968145 5.557065
v 3.228206 4.970040 5.433645
v 3.146135 4.250804 5.453513
v 3.064956 3.531406 5.471330
v 2.936137 3.547672 5.521636
v 3.021939 4.266486 5.502013
v 3.105699 4.985509 5.481486
v 3.153657 4.983614 5.604906
v 3.070558 4.264565 5.627135
v 2.986566 3.545679 5.651414
v 3.016471 3.008987 5.460661
v 2.915534 3.027365 5.692544
v 3.081405 3.006421 5.627769
v 2.850600 3.029931 5.525436
v 3.337533 5.760135 5.368582
v 3.155167 5.783162 5.439800
v 3.226558 5.780341 5.623526
v 3.408926 5.757314 5.552309
v 3.302029 5.944243 5.490961
v 1.556987 5.817435 5.076337
v 3.358588 5.785854 5.863067
v 1.829494 5.767818 4.450307
v 3.631094 5.736237 5.237037
v 2.513311 5.954535 5.481754
v 2.785819 5.904917 4.855724
v 4.524520 5.462387 4.202951
v 2.918530 5.830502 5.275795
v 4.900305 5.435962 4.774549
v 3.294316 5.804077 5.847392
v 3.705383 5.807740 4.757442
v 4.081167 5.781315 5.329040
v 4.046668 5.607578 7.087809
v 3.572732 5.758616 5.185630
v 3.388549 5.688142 7.258178
v 2.914615 5.839180 5.356000
v 3.817367 5.839828 6.092219
v 3.159249 5.920393 6.262589
v 5.042067 5.078407 6.020545
v 3.428641 5.754335 5.122946
v 4.735711 5.153899 6.628066
v 3.122284 5.829827 5.730468
v 4.246459 5.578447 5.557205
v 3.940102 5.653939 6.164727
v 3.009485 5.235986 3.775051
v 2.951634 5.814518 5.653260
v 3.690825 5.181378 3.812858
v 3.632974 5.759911 5.691066
v 2.993246 5.687751 4.720230
v 3.674586 5.633142 4.758037
v 2.097047 5.394947 6.797408
v 3.663558 5.698344 5.648622
v 1.686731 5.448636 6.252069
v 3.253241 5.752032 5.103284
v 2.910838 5.706705 6.215797
v 2.500521 5.760393 5.670460
v 6.788001 0.927778 14.195012
v 6.567264 0.929696 14.327435
v 6.698824 0.903325 14.547118
v 6.919562 0.901408 14.414697
v 6.953985 4.026930 14.529565
v 6.823899 4.028060 14.607604
v 6.901431 4.012520 14.737069
v 7.031517 4.011389 14.659029
v 6.892139 1.683353 14.462055
v 6.934529 2.459692 14.526705
v 6.979257 3.235843 14.591935
v 6.906345 3.250458 14.470185
v 6.860612 2.474508 14.403277
v 6.815471 1.698720 14.334033
v 6.686834 1.699838 14.411203
v 6.736591 2.475585 14.477678
v 6.784011 3.251521 14.543574
v 6.856923 3.236906 14.665322
v 6.810509 2.460769 14.601106
v 6.763502 1.684470 14.539224
v 6.789606 1.139230 14.257081
v 6.722690 1.120881 14.521294
v 6.888327 1.119442 14.421927
v 6.623969 1.140669 14.356449
v 6.969252 4.109957 14.494844
v 6.787142 4.111539 14.604092
v 6.895680 4.089783 14.785334
v 7.077791 4.088201 14.676084
v 6.943614 4.287643 14.655951
v 5.005419 4.070382 14.564309
v 7.046592 4.068456 15.081135
v 5.186077 4.119919 13.850994
v 7.227250 4.117994 14.367820
v 6.079032 4.234568 14.847620
v 6.259690 4.284106 14.134308
v 8.003317 4.028739 13.094327
v 6.479152 4.159923 14.541121
v 8.505016 3.953727 13.629659
v 6.980851 4.084910 15.076452
v 7.218769 4.262298 13.862314
v 7.720469 4.187285 14.397645
v 8.003668 3.770666 16.223671
v 7.160033 4.143587 14.330867
v 7.331230 3.785029 16.526213
v 6.487594 4.157949 14.633405
v 7.573794 4.130213 15.251146
v 6.901356 4.144576 15.553686
v 8.886797 3.423238 14.859467
v 6.990907 4.137057 14.285384
v 8.665567 3.401196 15.562660
v 6.769678 4.115015 14.988576
v 7.939371 3.955287 14.578077
v 7.718143 3.933244 15.281272
v 6.340899 3.730962 12.877351
v 6.581129 4.095438 14.937195
v 7.073581 3.718731 12.794066
v 7.313812 4.083206 14.853909
v 6.467009 4.086184 13.934606
v 7.199691 4.073951 13.851321
v 5.907869 3.437942 16.213623
v 7.341862 4.025976 14.788354
v 5.372750 3.536010 15.715687
v 6.806741 4.124045 14.290419
v 6.647618 3.905435 15.510703
v 6.112497 4.003503 15.012769
v 6.109478 1.003630 14.076428
v 5.911230 0.976593 14.161610
v 6.000317 0.933243 14.355189
v 6.198565 0.960280 14.270008
v 6.001140 3.551652 14.747042
v 5.884308 3.535719 14.797240
v 5.936809 3.510172 14.911321
v 6.053640 3.526105 14.861123
v 6.117140 1.604302 14.400738
v 6.092655 2.245092 14.552947
v 6.070076 2.885773 14.705877
v 6.020704 2.909798 14.598594
v 6.042602 2.269448 14.444185
v 6.065224 1.629565 14.287927
v 5.949693 1.613809 14.337567
v 5.931216 2.254257 14.492044
v 5.910833 2.894814 14.645801
v 5.960207 2.870789 14.753084
v 5.981270 2.229901 14.600805
v 6.001609 1.588546 14.450378
v 6.089916 1.171916 14.153606
v 6.008004 1.119100 14.362783
v 6.156765 1.139388 14.298864
v 5.941154 1.151628 14.217525
v 6.011786 3.626106 14.730028
v 5.848229 3.603800 14.800303
v 5.921727 3.568037 14.960008
v 6.085283 3.590342 14.889734
v 5.961558 3.752077 14.882121
v 4.313712 3.474579 14.632753
v 5.989710 3.513922 15.298996
v 4.534857 3.617172 14.068023
v 6.210854 3.656514 14.734268
v 5.182031 3.632441 15.012639
v 5.403174 3.775034 14.447911
v 7.004407 3.788462 13.742268
v 5.552186 3.629060 14.800590
v 7.373575 3.683373 14.233008
v 5.921356 3.523972 15.291333
v 6.243428 3.842811 14.326365
v 6.612597 3.737722 14.817106
v 6.690595 3.163853 16.330570
v 6.147681 3.681019 14.689785
v 6.096486 3.101575 16.507524
v 5.553572 3.618742 14.866738
v 6.403218 3.570584 15.508867
v 5.809110 3.508307 15.685822
v 7.617743 3.093996 15.250472
v 6.021327 3.671055 14.639855
v 7.361855 2.973487 15.805591
v 5.765437 3.550547 15.194972
v 6.807593 3.528718 14.971396
v 6.551704 3.408209 15.526513
v 5.641597 3.480837 13.318252
v 5.604377 3.532468 15.121122
v 6.263288 3.519826 13.329970
v 6.226068 3.571457 15.132840
v 5.613250 3.648614 14.263904
v 6.234941 3.687603 14.275620
v 4.935256 2.771236 16.050625
v 6.258818 3.530414 15.088215
v 4.532721 2.888968 15.589908
v 5.856283 3.648145 14.627499
v 5.602941 3.296236 15.601420
v 5.200406 3.413967 15.140699
v 5.491644 2.605787 -6.891488
v 5.315398 2.601852 -6.709012
v 5.497691 2.610683 -6.532754
v 5.673936 2.614618 -6.715230
v 5.382747 5.680444 -6.857918
v 5.278881 5.678124 -6.750380
v 5.386310 5.683329 -6.646507
v 5.490176 5.685648 -6.754045
v 5.571603 3.380368 -6.723956
v 5.540319 4.148647 -6.733913
v 5.511415 4.917011 -6.743912
v 5.410387 4.912117 -6.841597
v 5.437899 4.143685 -6.832944
v 5.465370 3.375221 -6.826673
v 5.362662 3.372928 -6.720332
v 5.338876 4.141475 -6.730420
v 5.312710 4.909936 -6.740466
v 5.413739 4.914830 -6.642782
v 5.441297 4.146436 -6.631391
v 5.468894 3.378074 -6.617616
v 5.484787 2.818793 -6.849485
v 5.489326 2.822466 -6.580297
v 5.621577 2.825419 -6.717224
v 5.352536 2.815840 -6.712558
v 5.379190 5.759223 -6.901227
v 5.233786 5.755977 -6.750682
v 5.384179 5.763263 -6.605268
v 5.529583 5.766509 -6.755812
v 5.375022 5.947170 -6.755672
v 3.484497 5.548733 -6.362199
v 5.548686 5.782215 -6.400181
v 3.472246 5.538815 -7.088943
v 5.536435 5.772297 -7.126925
v 4.554379 5.834073 -6.384129
v 4.542128 5.824154 -7.110873
v 5.964269 5.621250 -8.529307
v 4.865448 5.764810 -6.771802
v 6.581198 5.648358 -8.145807
v 5.482376 5.791918 -6.388303
v 5.385757 5.859728 -7.615523
v 6.002686 5.886837 -7.232024
v 6.773616 5.695445 -5.540301
v 5.459584 5.787412 -7.147069
v 6.210621 5.681265 -5.080689
v 4.896589 5.773232 -6.687457
v 6.082948 5.907034 -6.379799
v 5.519953 5.892855 -5.920187
v 7.311046 5.292241 -7.036297
v 5.289943 5.761321 -7.145608
v 7.279256 5.324339 -6.310786
v 5.258153 5.793419 -6.420096
v 6.282668 5.698461 -7.099329
v 6.250878 5.730559 -6.373817
v 4.367436 5.159824 -8.283072
v 5.067871 5.752166 -6.418840
v 5.041871 5.204276 -8.550597
v 5.742306 5.796619 -6.686365
v 4.710622 5.628314 -7.340050
v 5.385056 5.672766 -7.607576
v 4.821818 5.183007 -4.980452
v 5.759341 5.736448 -6.750082
v 4.179961 5.179332 -5.321648
v 5.117485 5.732772 -7.091278
v 5.294973 5.632182 -5.875390
v 4.653116 5.628505 -6.216586
v -9.759836 0.901150 1.979787
v -9.922432 0.893599 2.147750
v -9.754791 0.904183 2.310510
v -9.592197 0.911734 2.142547
v -9.914642 3.732882 2.024113
v -10.010464 3.728431 2.123097
v -9.911669 3.734669 2.219016
v -9.815845 3.739119 2.120031
v -9.700050 1.615727 2.137736
v -9.742464 2.323315 2.131895
v -9.782686 3.031023 2.126018
v -9.875593 3.025157 2.035816
v -9.836651 2.317369 2.040448
v -9.797743 1.609560 2.042886
v -9.892496 1.605159 2.140769
v -9.928005 2.313126 2.134818
v -9.965706 3.020973 2.128902
v -9.872797 3.026838 2.219105
v -9.833818 2.319073 2.226264
v -9.794804 1.611327 2.235619
v -9.769976 1.097163 2.019434
v -9.766190 1.099439 2.267603
v -9.644180 1.105105 2.141567
v -9.891985 1.091497 2.145471
v -9.919258 3.805619 1.984530
v -10.053404 3.799389 2.123102
v -9.915098 3.808121 2.257380
v -9.780952 3.814351 2.118809
v -9.926605 3.978125 2.119529
v -11.682180 3.575217 2.479971
v -9.771139 3.828646 2.448496
v -11.692404 3.569073 1.809973
v -9.781359 3.822503 1.778497
v -10.694876 3.858519 2.462313
v -10.705095 3.852375 1.792315
v -9.381531 3.696185 0.478073
v -10.405743 3.801881 2.108142
v -8.813877 3.730385 0.832528
v -9.838089 3.836081 2.462597
v -9.923460 3.902520 1.326061
v -9.355803 3.936719 1.680516
v -8.639660 3.765835 3.249429
v -9.858454 3.834809 1.757083
v -9.158873 3.740777 3.672312
v -10.377668 3.809751 2.179966
v -9.282961 3.953037 2.470674
v -9.802177 3.927979 2.893556
v -8.124922 3.408484 1.861880
v -10.008327 3.808085 1.759844
v -8.155684 3.434297 2.530781
v -10.039093 3.833899 2.428745
v -9.085978 3.766746 1.803857
v -9.116739 3.792558 2.472758
v -10.856964 3.238518 0.694169
v -10.219948 3.792150 2.427667
v -10.235809 3.292600 0.448639
v -9.598793 3.846231 2.182137
v -10.548090 3.674478 1.571599
v -9.926937 3.728559 1.326069
v -10.442202 3.253582 3.768363
v -9.580021 3.791519 2.129894
v -11.033302 3.240352 3.452975
v -10.171118 3.778288 1.814506
v -10.010178 3.682117 2.940680
v -10.601274 3.668886 2.625292
v -9.486132 0.979259 3.302598
v -9.687466 0.961505 3.505559
v -9.484154 0.962382 3.707319
v -9.282820 0.980137 3.504357
v -9.644873 4.441522 3.531001
v -9.763521 4.431059 3.650610
v -9.643705 4.431576 3.769512
v -9.525055 4.442039 3.649902
v -9.407022 1.842682 3.540932
v -9.451040 2.708919 3.577270
v -9.492374 3.575280 3.613599
v -9.605051 3.574793 3.501782
v -9.565269 2.708426 3.463912
v -9.525505 1.842170 3.423355
v -9.642836 1.831824 3.541633
v -9.678391 2.698451 3.577945
v -9.716631 3.564954 3.614265
v -9.603954 3.565440 3.726081
v -9.564161 2.698944 3.691303
v -9.524353 1.832335 3.659210
v -9.496883 1.216641 3.363151
v -9.495398 1.203977 3.666846
v -9.344318 1.217299 3.514548
v -9.647959 1.203318 3.515450
v -9.649212 4.532990 3.487059
v -9.815317 4.518343 3.654503
v -9.647579 4.519067 3.820956
v -9.481480 4.533714 3.653512
v -9.658026 4.735673 3.662797
v -11.780592 4.241343 4.082732
v -9.473591 4.526677 4.083348
v -11.784601 4.275532 3.262826
v -9.477598 4.560866 3.263443
v -10.586239 4.573784 4.090754
v -10.590250 4.607973 3.270848
v -8.976145 4.483837 1.691867
v -10.230280 4.523629 3.648712
v -8.285202 4.497012 2.134423
v -9.539337 4.536804 4.091267
v -9.638439 4.688262 2.719795
v -8.947498 4.701436 3.162350
v -8.104591 4.389975 5.052646
v -9.554365 4.578593 3.245368
v -8.746059 4.339168 5.561924
v -10.195837 4.527784 3.754646
v -8.868883 4.671992 4.118098
v -9.510353 4.621184 4.627376
v -7.490631 4.037546 3.361042
v -9.755478 4.546968 3.240001
v -7.536570 4.027959 4.180327
v -9.801416 4.537382 4.059288
v -8.645218 4.485260 3.301537
v -8.691160 4.475674 4.120822
v -10.757648 3.935459 1.929845
v -10.005529 4.489100 4.058574
v -9.993298 4.009560 1.640516
v -9.241180 4.563201 3.769246
v -10.391514 4.404918 3.017325
v -9.627165 4.479019 2.727997
v -10.289360 3.761695 5.612187
v -9.223478 4.499879 3.682765
v -11.009277 3.772016 5.218428
v -9.943396 4.510200 3.289007
v -9.753191 4.325032 4.646665
v -10.473104 4.335354 4.252906
v -6.013508 0.754264 -5.310174
v -6.240839 0.751111 -5.224807
v -6.157274 0.793279 -5.000718
v -5.929943 0.796433 -5.086084
v -6.258003 3.661400 -5.712017
v -6.391975 3.659542 -5.661709
v -6.342730 3.684393 -5.529648
v -6.208757 3.686252 -5.579957
v -6.048546 1.511759 -5.231372
v -6.105541 2.236066 -5.349170
v -6.160471 2.960674 -5.466046
v -6.206783 2.937304 -5.590238
v -6.152491 2.212374 -5.475075
v -6.097244 1.487185 -5.361961
v -6.229723 1.485347 -5.312213
v -6.280218 2.210602 -5.427110
v -6.332773 2.935557 -5.542928
v -6.286461 2.958927 -5.418735
v -6.233267 2.234295 -5.301206
v -6.181026 1.509921 -5.181623
v -6.046307 0.959468 -5.303711
v -6.154186 0.988745 -5.071500
v -5.983601 0.991111 -5.135557
v -6.216892 0.957102 -5.239654
v -6.246613 3.731654 -5.760502
v -6.434162 3.729053 -5.690072
v -6.365221 3.763842 -5.505197
v -6.177671 3.766444 -5.575624
v -6.318920 3.923118 -5.660999
v -8.032808 3.422507 -6.091347
v -6.242853 3.836255 -5.311932
v -7.741556 3.343468 -6.718262
v -5.951597 3.757215 -5.938845
v -7.111595 3.792746 -5.710048
v -6.820343 3.713706 -6.336963
v -4.992406 3.521386 -6.951993
v -6.680138 3.720095 -5.905709
v -4.621147 3.641391 -6.375916
v -6.308876 3.840100 -5.329632
v -5.883288 3.779575 -6.431637
v -5.512029 3.899580 -5.855561
v -5.540929 3.950649 -4.062069
v -6.012429 3.761782 -5.992002
v -6.215918 3.927433 -3.894889
v -6.687422 3.738567 -5.824822
v -5.798078 4.006888 -5.092509
v -6.473072 3.983673 -4.925333
v -4.432693 3.477211 -5.076962
v -6.155468 3.721735 -6.054146
v -4.762365 3.573005 -4.471786
v -6.485138 3.817528 -5.448967
v -5.313553 3.760005 -5.601572
v -5.643223 3.855799 -4.996395
v -6.453743 2.954120 -7.337381
v -6.650391 3.760038 -5.522318
v -5.763744 3.034638 -7.298377
v -5.960393 3.840557 -5.483314
v -6.570333 3.521031 -6.445127
v -5.880337 3.601549 -6.406120
v -7.439501 3.331965 -4.309359
v -5.917261 3.779680 -5.519721
v -7.850821 3.235806 -4.862232
v -6.328585 3.683521 -6.072596
v -6.678144 3.719014 -4.943102
v -7.089460 3.622855 -5.495975
v -4.884245 0.687202 14.526891
v -5.101243 0.700449 14.713387
v -4.914773 0.694985 14.930742
v -4.697776 0.681737 14.744246
v -4.725517 4.156873 14.555450
v -4.853397 4.164680 14.665358
v -4.743508 4.161459 14.793448
v -4.615627 4.153653 14.683542
v -4.740698 1.552659 14.724216
v -4.703667 2.419873 14.710301
v -4.663961 3.286963 14.696593
v -4.767303 3.289991 14.576134
v -4.808434 2.422943 14.588181
v -4.849364 1.555844 14.597550
v -4.975821 1.563564 14.706232
v -4.930354 2.430386 14.692965
v -4.887564 3.297333 14.679490
v -4.784222 3.294305 14.799952
v -4.825587 2.427316 14.815084
v -4.867155 1.560379 14.832898
v -4.876654 0.927823 14.573539
v -4.899562 0.933663 14.876580
v -4.736731 0.923723 14.736637
v -5.039485 0.937764 14.713482
v -4.717660 4.245496 14.506457
v -4.896684 4.256425 14.660317
v -4.742846 4.251917 14.839637
v -4.563822 4.240988 14.685777
v -4.720272 4.458492 14.669758
v -6.859467 4.184776 14.914675
v -4.542500 4.256569 15.088437
v -6.797619 4.169009 14.096533
v -4.480653 4.240802 14.270295
v -5.642740 4.406009 15.002388
v -5.580893 4.390242 14.184246
v -3.870571 4.022135 12.751340
v -5.260600 4.296457 14.594232
v -3.217347 3.998835 13.247512
v -4.607375 4.273157 15.090405
v -4.586535 4.348958 13.709275
v -3.933312 4.325658 14.205448
v -3.270974 4.054245 16.172262
v -4.553750 4.264364 14.245083
v -3.951321 4.093779 16.629429
v -5.234097 4.303898 14.702248
v -3.931023 4.347596 15.164622
v -4.611367 4.387130 15.621784
v -2.566628 3.544190 14.557821
v -4.755975 4.251071 14.225012
v -2.675627 3.588961 15.369949
v -4.864974 4.295841 15.037137
v -3.664775 4.091553 14.380261
v -3.773774 4.136323 15.192386
v -5.709566 3.655233 12.872072
v -5.072140 4.266553 15.022342
v -4.921804 3.641011 12.642593
v -4.284379 4.252331 14.792863
v -5.383901 4.154681 13.959066
v -4.596138 4.140458 13.729586
v -5.542406 3.664614 16.584364
v -4.266317 4.182484 14.711642
v -6.225840 3.716909 16.133125
v -4.949753 4.234779 14.260406
v -4.882375 4.116262 15.637034
v -5.565810 4.168557 15.185797
v -3.053374 1.281410 10.987221
v -3.287699 1.263855 11.184926
v -3.089228 1.246466 11.418615
v -2.854902 1.264021 11.220910
v -3.086970 4.984998 11.374203
v -3.225061 4.974652 11.490715
v -3.108099 4.964405 11.628433
v -2.970005 4.974750 11.511922
v -2.951750 2.191677 11.288004
v -2.962835 3.119366 11.362226
v -2.971046 4.047057 11.436690
v -3.081040 4.056694 11.307178
v -3.074346 3.129136 11.230929
v -3.067412 2.201811 11.151819
v -3.203967 2.191581 11.267033
v -3.206001 3.119273 11.342010
v -3.210905 4.046964 11.416747
v -3.100912 4.037327 11.546259
v -3.094491 3.109503 11.473307
v -3.088306 2.181447 11.403217
v -3.059662 1.533469 11.061684
v -3.086567 1.507248 11.385393
v -2.910732 1.520421 11.237039
v -3.235494 1.520296 11.210037
v -3.083422 5.084921 11.331072
v -3.276741 5.070439 11.494180
v -3.113003 5.056092 11.686975
v -2.919681 5.070575 11.523867
v -3.099798 5.294973 11.527074
v -5.395430 4.851570 11.781796
v -2.932172 5.043085 12.002033
v -5.322793 4.922361 10.907853
v -2.859538 5.113876 11.128092
v -4.112284 5.147624 11.912420
v -4.039649 5.218417 11.038479
v -2.185075 5.072292 9.499176
v -3.694425 5.095152 11.467465
v -1.487779 5.034188 10.034328
v -2.997127 5.057048 12.002617
v -2.973553 5.280398 10.541370
v -2.276258 5.242293 11.076523
v -1.567636 4.790842 13.147072
v -2.933716 5.137143 11.105816
v -2.301334 4.746771 13.630610
v -3.667413 5.093072 11.589355
v -2.281402 5.167615 12.098378
v -3.015100 5.123544 12.581918
v -0.783042 4.455383 11.386798
v -3.154658 5.113523 11.078400
v -0.907815 4.413395 12.256701
v -3.279430 5.071535 11.948303
v -1.983974 4.991586 11.240428
v -2.108747 4.949597 12.110330
v -4.122915 4.564485 9.575342
v -3.493838 5.029754 11.929192
v -3.277245 4.618342 9.338688
v -2.648170 5.083611 11.692537
v -3.812319 5.002338 10.784883
v -2.966648 5.056195 10.548229
v -3.967299 4.205015 13.513369
v -2.625359 5.019065 11.592603
v -4.698937 4.267660 13.028762
v -3.356997 5.081710 11.107995
v -3.283954 4.819344 12.561100
v -4.015592 4.881989 12.076493
v -6.746552 0.761800 -4.988246
v -6.895096 0.736023 -4.853386
v -6.762184 0.758874 -4.702621
v -6.613640 0.784651 -4.837481
v -7.167364 3.177620 -4.927699
v -7.254906 3.162429 -4.848225
v -7.176579 3.175896 -4.759375
v -7.089037 3.191087 -4.838850
v -6.776758 1.378612 -4.840325
v -6.884102 1.982208 -4.840017
v -6.989580 2.586128 -4.839602
v -7.063238 2.573464 -4.923159
v -6.958776 1.969370 -4.924724
v -6.854214 1.365295 -4.928185
v -6.940779 1.350273 -4.849594
v -7.042236 1.954887 -4.848954
v -7.145563 2.559178 -4.848418
v -7.071905 2.571842 -4.764864
v -6.967562 1.967726 -4.764246
v -6.863325 1.363590 -4.761735
v -6.777359 0.928414 -4.952466
v -6.789093 0.926218 -4.738139
v -6.677626 0.945561 -4.839335
v -6.888824 0.909071 -4.851271
v -7.176304 3.240353 -4.961308
v -7.298853 3.219087 -4.850049
v -7.189205 3.237939 -4.725667
v -7.066652 3.259206 -4.836926
v -7.208014 3.385317 -4.843373
v -8.227444 2.854342 -3.825011
v -6.871119 3.313627 -4.721438
v -8.532652 2.799975 -4.314652
v -7.176319 3.259260 -5.211085
v -7.549860 3.222219 -4.288213
v -7.855068 3.167850 -4.777854
v -7.452019 3.106525 -6.363585
v -7.485567 3.185479 -4.676340
v -6.886303 3.232181 -6.358215
v -6.919849 3.311135 -4.670972
v -7.498119 3.276370 -5.481519
v -6.932398 3.402026 -5.476153
v -5.673114 3.459461 -4.633145
v -7.254843 3.256040 -5.190734
v -5.858429 3.403188 -4.086930
v -7.440157 3.199767 -4.644521
v -6.525314 3.482279 -4.919920
v -6.710630 3.426006 -4.373703
v -8.384142 2.537621 -5.539822
v -7.212860 3.222125 -4.532990
v -8.049852 2.644091 -6.001094
v -6.878572 3.328595 -4.994263
v -7.824080 3.015938 -5.023533
v -7.489790 3.122407 -5.484809
v -6.687988 2.826728 -3.416878
v -6.871559 3.282287 -5.033329
v -7.256361 2.718803 -3.382747
v -7.439930 3.174362 -4.999200
v -6.806023 3.190934 -4.230776
v -7.374392 3.083009 -4.196645
v -0.249337 1.156862 -6.772104
v -0.377011 1.179959 -6.616919
v -0.220119 1.197735 -6.490482
v -0.092443 1.174638 -6.645669
v -0.233646 3.591908 -7.067469
v -0.308889 3.605520 -6.976015
v -0.216428 3.615995 -6.901504
v -0.141186 3.602384 -6.992958
v -0.149386 1.782411 -6.727969
v -0.149940 2.389131 -6.815968
v -0.148603 2.995814 -6.904156
v -0.235557 2.985963 -6.974226
v -0.238091 2.379143 -6.887004
v -0.240818 1.772052 -6.801650
v -0.315222 1.785512 -6.711214
v -0.309824 2.392120 -6.799813
v -0.306314 2.998763 -6.888221
v -0.219363 3.008615 -6.818151
v -0.221674 2.402107 -6.728776
v -0.223791 1.795871 -6.637533
v -0.245021 1.329649 -6.761361
v -0.223094 1.360319 -6.550038
v -0.127289 1.342988 -6.666488
v -0.340825 1.346981 -6.644912
v -0.236840 3.649744 -7.109775
v -0.342172 3.668799 -6.981745
v -0.212735 3.683464 -6.877437
v -0.107401 3.664409 -7.005466
v -0.224200 3.813394 -7.014971
v -1.718039 3.613444 -6.607914
v -0.041914 3.710485 -6.795897
v -1.777230 3.530642 -7.178439
v -0.101107 3.627684 -7.366422
v -0.844794 3.794522 -6.724794
v -0.903986 3.711720 -7.295320
v 0.139751 3.340117 -8.500832
v -0.623797 3.687692 -7.034430
v 0.656227 3.375960 -8.240400
v -0.107321 3.723535 -6.773998
v -0.257292 3.651643 -7.756310
v 0.259184 3.687486 -7.495877
v 0.992327 3.681189 -6.168389
v -0.179193 3.639897 -7.384938
v 0.576092 3.740895 -5.769589
v -0.595428 3.699604 -6.986137
v 0.382861 3.790240 -6.820824
v -0.033373 3.849947 -6.422024
v 1.329576 3.176163 -7.357615
v -0.298614 3.626789 -7.367201
v 1.354447 3.278158 -6.787672
v -0.273741 3.728783 -6.797256
v 0.506683 3.538138 -7.386480
v 0.531558 3.640132 -6.816538
v -1.157751 3.059071 -8.171304
v -0.442499 3.703773 -6.783167
v -0.639093 3.038625 -8.429053
v 0.076160 3.683327 -7.040915
v -0.799557 3.520116 -7.487094
v -0.280898 3.499670 -7.744843
v -0.565304 3.412430 -5.527152
v 0.089932 3.630930 -7.068930
v -1.097946 3.400505 -5.755208
v -0.442710 3.619005 -7.296984
v -0.229372 3.657915 -6.324584
v -0.762013 3.645988 -6.552639
vn -0.0167 -0.0169 -0.9997
vn -0.0063 -0.2894 -0.9572
vn 0.9702 -0.2421 -0.0131
vn 0.9993 0.0324 -0.0173
vn 0.0170 0.0104 0.9998
vn 0.0261 -0.2632 0.9644
vn -0.9504 -0.3105 0.0203
vn -0.9991 -0.0388 0.0174
vn -0.9949 0.0998 0.0154
vn -0.9998 -0.0058 0.0169
vn -0.0179 0.0161 -0.9997
vn -0.0215 0.1216 -0.9924
vn -0.9993 -0.0322 0.0173
vn -0.0170 -0.0103 -0.9998
vn 0.9852 0.1703 -0.0189
vn 0.9977 0.0653 -0.0177
vn 0.0158 0.0434 0.9989
vn 0.0119 0.1486 0.9888
vn 0.9991 0.0389 -0.0174
vn 0.0167 0.0170 0.9997
vn -0.0239 0.1927 -0.9810
vn 0.9704 0.2408 -0.0196
vn 0.0091 0.2194 0.9756
vn -0.9851 0.1712 0.0143
vn 0.9938 0.1101 -0.0183
vn 0.0141 0.0882 0.9960
vn -0.9991 0.0391 0.0163
vn -0.0195 0.0610 -0.9979
vn -0.0358 0.9993 -0.0130
vn -0.1043 0.9945 -0.0118
vn 0.0511 0.9986 -0.0145
vn -0.2572 0.9663 -0.0089
vn 0.0005 0.9975 -0.0713
vn -0.0815 0.9948 0.0608
vn 0.0825 0.9760 -0.2017
vn 0.0076 0.9992 0.0402
vn -0.0905 0.9927 -0.0802
vn 0.1056 0.9815 0.1596
vn 0.2195 0.9750 -0.0335
vn 0.0658 0.9970 -0.0412
vn 0.3679 0.9295 -0.0250
vn -0.1570 0.9589 -0.2364
vn -0.1026 0.9903 -0.0942
vn -0.2075 0.9044 -0.3729
vn -0.1256 0.9660 0.2258
vn -0.0539 0.9944 0.0908
vn -0.1942 0.9143 0.3554
vn 0.0373 -0.0362 -0.9986
vn 0.0624 -0.3068 -0.9497
vn 0.9827 -0.1805 0.0424
vn 0.9949 0.0951 0.0337
vn -0.0367 0.0299 0.9989
vn -0.0087 -0.2432 0.9699
vn -0.9290 -0.3695 -0.0222
vn -0.9943 -0.1015 -0.0335
vn -0.9986 0.0370 -0.0382
vn -0.9970 -0.0687 -0.0347
vn 0.0341 -0.0034 -0.9994
vn 0.0235 0.1017 -0.9945
vn -0.9949 -0.0950 -0.0337
vn 0.0367 -0.0297 -0.9989
vn 0.9723 0.2318 0.0284
vn 0.9913 0.1279 0.0325
vn -0.0399 0.0626 0.9972
vn -0.0498 0.1672 0.9847
vn 0.9943 0.1016 0.0335
vn -0.0373 0.0364 0.9986
vn 0.0162 0.1727 -0.9848
vn 0.9532 0.3013 0.0253
vn -0.0562 0.2374 0.9698
vn -0.9932 0.1089 -0.0404
vn 0.9846 0.1723 0.0308
vn -0.0442 0.1072 0.9933
vn -0.9991 -0.0237 -0.0362
vn 0.0297 0.0413 -0.9987
vn -0.0971 0.9946 -0.0365
vn -0.1651 0.9855 -0.0387
vn -0.0100 0.9994 -0.0334
vn -0.3162 0.9477 -0.0431
vn -0.0577 0.9940 -0.0928
vn -0.1464 0.9886 0.0352
vn 0.0325 0.9753 -0.2185
vn -0.0566 0.9982 0.0188
vn -0.1478 0.9832 -0.1066
vn 0.0360 0.9889 0.1438
vn 0.1600 0.9862 -0.0432
vn 0.0055 0.9982 -0.0594
vn 0.3106 0.9502 -0.0260
vn -0.2035 0.9426 -0.2649
vn -0.1587 0.9800 -0.1204
vn -0.2434 0.8823 -0.4030
vn -0.1971 0.9602 0.1980
vn -0.1201 0.9906 0.0660
vn -0.2693 0.9065 0.3253
vn 0.1497 -0.0005 -0.9887
vn 0.1070 -0.2713 -0.9565
vn 0.9041 -0.4051 0.1362
vn 0.9790 -0.1397 0.1483
vn -0.1505 -0.0058 0.9886
vn -0.1815 -0.2764 0.9437
vn -0.9785 -0.1427 -0.1489
vn -0.9799 0.1333 -0.1484
vn -0.9523 0.2692 -0.1439
vn -0.9750 0.1659 -0.1476
vn 0.1540 0.0321 -0.9875
vn 0.1669 0.1365 -0.9765
vn -0.9790 0.1398 -0.1483
vn 0.1505 0.0059 -0.9886
vn 0.9887 -0.0014 0.1501
vn 0.9830 -0.1070 0.1490
vn -0.1460 0.0268 0.9889
vn -0.1305 0.1313 0.9827
vn 0.9799 -0.1332 0.1484
vn -0.1497 0.0007 0.9887
vn 0.1746 0.2068 -0.9627
vn 0.9862 0.0707 0.1499
vn -0.1191 0.2017 0.9722
vn -0.9307 0.3378 -0.1404
vn 0.9868 -0.0622 0.1497
vn -0.1396 0.0713 0.9876
vn -0.9667 0.2101 -0.1462
vn 0.1597 0.0766 -0.9842
vn 0.1346 0.9906 0.0231
vn 0.0670 0.9977 0.0128
vn 0.2178 0.9753 0.0357
vn -0.0855 0.9963 -0.0103
vn 0.1794 0.9834 -0.0285
vn 0.0779 0.9931 0.0871
vn 0.2767 0.9502 -0.1435
vn 0.1678 0.9823 0.0827
vn 0.0923 0.9944 -0.0513
vn 0.2393 0.9469 0.2147
vn 0.3821 0.9231 0.0438
vn 0.2389 0.9710 0.0121
vn 0.5161 0.8533 0.0744
vn 0.0478 0.9746 -0.2187
vn 0.0816 0.9942 -0.0695
vn 0.0129 0.9318 -0.3627
vn 0.0015 0.9702 0.2424
vn 0.0978 0.9875 0.1232
vn -0.0949 0.9297 0.3558
vn 0.3977 -0.0757 -0.9144
vn 0.3510 -0.3442 -0.8708
vn 0.8432 -0.3637 0.3959
vn 0.9099 -0.0959 0.4037
vn -0.3984 0.0693 0.9146
vn -0.4141 -0.2049 0.8869
vn -0.9063 -0.1855 -0.3798
vn -0.9106 0.0895 -0.4035
vn -0.8865 0.2261 -0.4038
vn -0.9064 0.1222 -0.4043
vn 0.4013 -0.0429 -0.9149
vn 0.4098 0.0624 -0.9100
vn -0.9099 0.0960 -0.4037
vn 0.3984 -0.0692 -0.9146
vn 0.9173 0.0424 0.3959
vn 0.9132 -0.0631 0.4025
vn -0.3945 0.1020 0.9132
vn -0.3790 0.2060 0.9022
vn 0.9106 -0.0894 0.4035
vn -0.3977 0.0758 0.9144
vn 0.4130 0.1338 -0.9008
vn 0.9142 0.1140 0.3889
vn -0.3660 0.2757 0.8888
vn -0.8672 0.2955 -0.4009
vn 0.9162 -0.0183 0.4003
vn -0.3884 0.1464 0.9098
vn -0.8992 0.1666 -0.4046
vn 0.4055 0.0019 -0.9141
vn 0.1140 0.9931 -0.0291
vn 0.0513 0.9971 -0.0567
vn 0.1930 0.9812 0.0062
vn -0.0916 0.9887 -0.1182
vn 0.1706 0.9831 -0.0667
vn 0.0414 0.9990 0.0190
vn 0.2957 0.9433 -0.1508
vn 0.1310 0.9907 0.0374
vn 0.0918 0.9893 -0.1134
vn 0.1670 0.9680 0.1874
vn 0.3486 0.9354 0.0596
vn 0.2164 0.9762 -0.0122
vn 0.4723 0.8718 0.1298
vn 0.0922 0.9548 -0.2826
vn 0.0864 0.9877 -0.1303
vn 0.0958 0.8987 -0.4279
vn -0.0705 0.9862 0.1501
vn 0.0543 0.9969 0.0573
vn -0.1935 0.9515 0.2393
vn 0.2448 0.0640 -0.9675
vn 0.2191 -0.2105 -0.9527
vn 0.9137 -0.3497 0.2071
vn 0.9675 -0.0809 0.2394
vn -0.2451 -0.0704 0.9669
vn -0.2517 -0.3396 0.9063
vn -0.9463 -0.2003 -0.2536
vn -0.9679 0.0745 -0.2400
vn -0.9509 0.2114 -0.2261
vn -0.9655 0.1073 -0.2371
vn 0.2466 0.0967 -0.9643
vn 0.2507 0.2010 -0.9470
vn -0.9675 0.0810 -0.2394
vn 0.2452 0.0705 -0.9669
vn 0.9668 0.0575 0.2489
vn 0.9691 -0.0481 0.2421
vn -0.2431 -0.0375 0.9693
vn -0.2347 0.0679 0.9697
vn 0.9679 -0.0744 0.2400
vn -0.2448 -0.0639 0.9675
vn 0.2519 0.2708 -0.9291
vn 0.9591 0.1290 0.2519
vn -0.2275 0.1394 0.9637
vn -0.9348 0.2811 -0.2172
vn 0.9694 -0.0032 0.2453
vn -0.2399 0.0073 0.9708
vn -0.9606 0.1518 -0.2328
vn 0.2487 0.1413 -0.9582
vn 0.0591 0.9947 0.0840
vn -0.0075 0.9977 0.0674
vn 0.1437 0.9841 0.1047
vn -0.1584 0.9870 0.0284
vn 0.1090 0.9933 0.0370
vn -0.0052 0.9896 0.1436
vn 0.2206 0.9728 -0.0705
vn 0.0868 0.9854 0.1461
vn 0.0232 0.9997 0.0041
vn 0.1483 0.9471 0.2846
vn 0.3075 0.9431 0.1263
vn 0.1631 0.9832 0.0821
vn 0.4445 0.8800 0.1674
vn -0.0024 0.9862 -0.1656
vn 0.0154 0.9998 -0.0110
vn -0.0201 0.9485 -0.3163
vn -0.0928 0.9533 0.2875
vn 0.0145 0.9839 0.1782
vn -0.1979 0.8994 0.3898
vn 0.3551 0.2257 -0.9072
vn 0.3501 -0.0488 -0.9354
vn 0.9069 -0.3197 0.2744
vn 0.9344 -0.0562 0.3517
vn -0.3548 -0.2320 0.9057
vn -0.3321 -0.4887 0.8068
vn -0.8889 -0.2178 -0.4031
vn -0.9342 0.0499 -0.3532
vn -0.9301 0.1839 -0.3178
vn -0.9349 0.0819 -0.3454
vn 0.3538 0.2577 -0.8991
vn 0.3473 0.3582 -0.8667
vn -0.9344 0.0563 -0.3517
vn 0.3548 0.2321 -0.9057
vn 0.9213 0.0788 0.3807
vn 0.9329 -0.0241 0.3592
vn -0.3558 -0.1998 0.9130
vn -0.3561 -0.0954 0.9296
vn 0.9342 -0.0498 0.3533
vn -0.3551 -0.2256 0.9072
vn 0.3406 0.4244 -0.8390
vn 0.9075 0.1485 0.3929
vn -0.3540 -0.0236 0.9349
vn -0.9210 0.2523 -0.2969
vn 0.9293 0.0197 0.3689
vn -0.3564 -0.1556 0.9213
vn -0.9341 0.1255 -0.3341
vn 0.3515 0.3008 -0.8865
vn -0.0326 0.9720 0.2327
vn -0.0967 0.9734 0.2079
vn 0.0484 0.9638 0.2623
vn -0.2394 0.9595 0.1485
vn 0.0227 0.9809 0.1930
vn -0.1022 0.9542 0.2812
vn 0.1471 0.9840 0.1001
vn -0.0120 0.9551 0.2960
vn -0.0584 0.9868 0.1513
vn 0.0347 0.9005 0.4336
vn 0.2123 0.9301 0.2998
vn 0.0725 0.9672 0.2434
vn 0.3469 0.8706 0.3489
vn -0.0622 0.9978 -0.0216
vn -0.0645 0.9890 0.1333
vn -0.0583 0.9826 -0.1761
vn -0.2044 0.8907 0.4061
vn -0.0881 0.9439 0.3182
vn -0.3157 0.8159 0.4843
vn 0.9702 -0.2421 -0.0130
vn -0.0215 0.1215 -0.9924
vn 0.9938 0.1101 -0.0182
vn 0.0518 0.9985 -0.0145
vn -0.2579 0.9661 -0.0088
vn -0.0819 0.9947 0.0614
vn 0.0828 0.9758 -0.2022
vn 0.0076 0.9992 0.0401
vn -0.0910 0.9926 -0.0808
vn 0.1060 0.9814 0.1601
vn 0.0651 0.9970 -0.0413
vn 0.3686 0.9293 -0.0250
vn -0.1023 0.9903 -0.0935
vn -0.2078 0.9041 -0.3735
vn -0.1256 0.9661 0.2258
vn -0.0536 0.9945 0.0901
vn -0.1945 0.9140 0.3560
vn -0.0151 -0.0124 -0.9998
vn 0.0005 -0.2849 -0.9586
vn 0.9746 -0.2234 -0.0128
vn 0.9985 0.0516 -0.0157
vn 0.0154 0.0060 0.9999
vn 0.0298 -0.2672 0.9632
vn -0.9443 -0.3287 0.0174
vn -0.9982 -0.0580 0.0158
vn -0.9966 0.0806 0.0145
vn -0.9996 -0.0251 0.0155
vn -0.0169 0.0206 -0.9996
vn -0.0225 0.1259 -0.9918
vn -0.9985 -0.0515 0.0157
vn -0.0154 -0.0058 -0.9999
vn 0.9818 0.1893 -0.0167
vn 0.9963 0.0845 -0.0160
vn 0.0136 0.0389 0.9992
vn 0.0077 0.1440 0.9895
vn 0.9982 0.0582 -0.0158
vn 0.0151 0.0125 0.9998
vn -0.0263 0.1969 -0.9801
vn 0.9656 0.2595 -0.0171
vn 0.0036 0.2148 0.9766
vn -0.9883 0.1522 0.0137
vn 0.9915 0.1292 -0.0163
vn 0.0111 0.0837 0.9964
vn -0.9997 0.0199 0.0151
vn -0.0193 0.0654 -0.9977
vn -0.0550 0.9985 -0.0083
vn -0.1234 0.9923 -0.0072
vn 0.0322 0.9994 -0.0097
vn -0.2759 0.9612 -0.0046
vn -0.0186 0.9976 -0.0665
vn -0.1008 0.9927 0.0656
vn 0.0641 0.9783 -0.1971
vn -0.0116 0.9989 0.0449
vn -0.1096 0.9911 -0.0758
vn 0.0867 0.9825 0.1646
vn 0.2008 0.9792 -0.0286
vn 0.0465 0.9983 -0.0364
vn 0.3503 0.9364 -0.0200
vn -0.1750 0.9568 -0.2320
vn -0.1214 0.9886 -0.0894
vn -0.2244 0.9019 -0.3691
vn -0.1444 0.9624 0.2302
vn -0.0730 0.9928 0.0952
vn -0.2122 0.9086 0.3597
vn -0.0047 0.0385 -0.9992
vn 0.0080 -0.2359 -0.9717
vn 0.9727 -0.2317 -0.0144
vn 0.9991 0.0428 -0.0031
vn 0.0050 -0.0449 0.9990
vn 0.0174 -0.3160 0.9486
vn -0.9473 -0.3201 -0.0087
vn -0.9988 -0.0492 0.0028
vn -0.9960 0.0893 0.0086
vn -0.9999 -0.0163 0.0042
vn -0.0062 0.0714 -0.9974
vn -0.0110 0.1762 -0.9843
vn -0.9991 -0.0427 0.0031
vn -0.0050 0.0450 -0.9990
vn 0.9836 0.1805 0.0027
vn 0.9971 0.0757 -0.0017
vn 0.0035 -0.0119 0.9999
vn -0.0014 0.0936 0.9956
vn 0.9988 0.0493 -0.0028
vn 0.0047 -0.0383 0.9993
vn -0.0142 0.2465 -0.9690
vn 0.9680 0.2508 0.0057
vn -0.0047 0.1650 0.9863
vn -0.9869 0.1608 0.0115
vn 0.9927 0.1204 0.0002
vn 0.0015 0.0330 0.9995
vn -0.9996 0.0287 0.0061
vn -0.0083 0.1161 -0.9932
vn -0.0458 0.9981 0.0418
vn -0.1142 0.9926 0.0419
vn 0.0425 0.9982 0.0414
vn -0.2682 0.9625 0.0414
vn -0.0089 0.9998 -0.0159
vn -0.0931 0.9889 0.1159
vn 0.0756 0.9862 -0.1474
vn -0.0031 0.9954 0.0954
vn -0.1006 0.9946 -0.0274
vn 0.0945 0.9718 0.2160
vn 0.2099 0.9774 0.0232
vn 0.0547 0.9984 0.0147
vn 0.3600 0.9324 0.0311
vn -0.1639 0.9690 -0.1848
vn -0.1111 0.9930 -0.0391
vn -0.2127 0.9211 -0.3260
vn -0.1380 0.9508 0.2773
vn -0.0644 0.9875 0.1437
vn -0.2082 0.8907 0.4041
vn 0.4188 -0.1168 -0.9005
vn 0.4225 -0.3814 -0.8222
vn 0.8901 -0.1454 0.4319
vn 0.9055 0.1288 0.4044
vn -0.4184 0.1104 0.9015
vn -0.3821 -0.1631 0.9096
vn -0.8498 -0.3991 -0.3445
vn -0.9050 -0.1351 -0.4034
vn -0.9068 0.0023 -0.4216
vn -0.9070 -0.1026 -0.4084
vn 0.4162 -0.0842 -0.9053
vn 0.4049 0.0205 -0.9141
vn -0.9055 -0.1287 -0.4044
vn 0.4184 -0.1103 -0.9016
vn 0.8871 0.2639 0.3788
vn 0.9027 0.1612 0.3990
vn -0.4206 0.1429 0.8959
vn -0.4246 0.2457 0.8714
vn 0.9050 0.1352 0.4034
vn -0.4188 0.1169 0.9005
vn 0.3946 0.0919 -0.9143
vn 0.8707 0.3321 0.3626
vn -0.4247 0.3142 0.8491
vn -0.9008 0.0739 -0.4278
vn 0.8972 0.2051 0.3910
vn -0.4229 0.1868 0.8867
vn -0.9082 -0.0581 -0.4146
vn 0.4120 -0.0397 -0.9103
vn -0.0730 0.9847 -0.1581
vn -0.1350 0.9733 -0.1854
vn 0.0063 0.9925 -0.1222
vn -0.2729 0.9305 -0.2441
vn -0.0150 0.9808 -0.1946
vn -0.1463 0.9830 -0.1105
vn 0.1166 0.9546 -0.2740
vn -0.0570 0.9941 -0.0920
vn -0.0929 0.9660 -0.2411
vn -0.0196 0.9980 0.0594
vn 0.1668 0.9839 -0.0649
vn 0.0303 0.9897 -0.1401
vn 0.2992 0.9541 0.0120
vn -0.0834 0.9108 -0.4043
vn -0.0976 0.9613 -0.2575
vn -0.0672 0.8381 -0.5413
vn -0.2557 0.9665 0.0222
vn -0.1337 0.9884 -0.0724
vn -0.3715 0.9211 0.1162
vn 0.0752 -0.0224 -0.9969
vn 0.0593 -0.2946 -0.9538
vn 0.9441 -0.3205 0.0775
vn 0.9959 -0.0494 0.0762
vn -0.0755 0.0160 0.9970
vn -0.0856 -0.2577 0.9624
vn -0.9703 -0.2317 -0.0689
vn -0.9962 0.0430 -0.0761
vn -0.9805 0.1808 -0.0776
vn -0.9942 0.0759 -0.0766
vn 0.0767 0.0105 -0.9970
vn 0.0811 0.1160 -0.9899
vn -0.9959 0.0495 -0.0762
vn 0.0755 -0.0159 -0.9970
vn 0.9933 0.0892 0.0734
vn 0.9970 -0.0164 0.0757
vn -0.0739 0.0489 0.9961
vn -0.0682 0.1540 0.9857
vn 0.9962 -0.0429 0.0761
vn -0.0752 0.0225 0.9969
vn 0.0835 0.1871 -0.9788
vn 0.9844 0.1607 0.0713
vn -0.0639 0.2247 0.9723
vn -0.9648 0.2511 -0.0778
vn 0.9968 0.0285 0.0748
vn -0.0716 0.0937 0.9930
vn -0.9897 0.1207 -0.0771
vn 0.0787 0.0554 -0.9954
vn 0.0475 0.9987 -0.0157
vn -0.0209 0.9996 -0.0208
vn 0.1353 0.9908 -0.0089
vn -0.1765 0.9838 -0.0323
vn 0.0888 0.9936 -0.0702
vn -0.0059 0.9985 0.0547
vn 0.1813 0.9642 -0.1934
vn 0.0856 0.9955 0.0413
vn -0.0019 0.9960 -0.0889
vn 0.1710 0.9704 0.1705
vn 0.3007 0.9536 -0.0122
vn 0.1494 0.9882 -0.0344
vn 0.4447 0.8956 0.0103
vn -0.0552 0.9668 -0.2493
vn -0.0115 0.9948 -0.1013
vn -0.0975 0.9151 -0.3913
vn -0.0665 0.9746 0.2137
vn 0.0203 0.9962 0.0848
vn -0.1516 0.9291 0.3373
vn 0.0826 0.0773 -0.9936
vn 0.0813 -0.1983 -0.9768
vn 0.9597 -0.2752 0.0575
vn 0.9966 -0.0028 0.0826
vn -0.0825 -0.0837 0.9931
vn -0.0774 -0.3529 0.9325
vn -0.9558 -0.2759 -0.1018
vn -0.9965 -0.0036 -0.0831
vn -0.9884 0.1344 -0.0713
vn -0.9963 0.0293 -0.0804
vn 0.0823 0.1101 -0.9905
vn 0.0808 0.2145 -0.9734
vn -0.9966 0.0029 -0.0826
vn 0.0825 0.0838 -0.9931
vn 0.9865 0.1351 0.0929
vn 0.9959 0.0300 0.0852
vn -0.0827 -0.0508 0.9953
vn -0.0828 0.0550 0.9951
vn 0.9965 0.0037 0.0831
vn -0.0826 -0.0771 0.9936
vn 0.0793 0.2842 -0.9555
vn 0.9737 0.2059 0.0976
vn -0.0822 0.1268 0.9885
vn -0.9766 0.2051 -0.0646
vn 0.9933 0.0748 0.0886
vn -0.0829 -0.0058 0.9965
vn -0.9943 0.0741 -0.0766
vn 0.0818 0.1547 -0.9846
vn -0.0070 0.9968 0.0802
vn -0.0754 0.9944 0.0743
vn 0.0813 0.9929 0.0872
vn -0.2302 0.9713 0.0596
vn 0.0348 0.9991 0.0258
vn -0.0611 0.9868 0.1498
vn 0.1298 0.9866 -0.0988
vn 0.0308 0.9901 0.1370
vn -0.0559 0.9984 0.0061
vn 0.1168 0.9573 0.2645
vn 0.2482 0.9652 0.0822
vn 0.0950 0.9936 0.0616
vn 0.3954 0.9130 0.1008
vn -0.1064 0.9819 -0.1567
vn -0.0652 0.9979 -0.0058
vn -0.1450 0.9417 -0.3037
vn -0.1210 0.9447 0.3048
vn -0.0345 0.9832 0.1793
vn -0.2045 0.8828 0.4228
vn 0.0552 0.0071 -0.9984
vn 0.0996 -0.2626 -0.9598
vn 0.9926 -0.1091 0.0532
vn 0.9844 0.1668 0.0556
vn -0.0541 -0.0134 0.9984
vn -0.0054 -0.2823 0.9593
vn -0.8984 -0.4358 -0.0537
vn -0.9833 -0.1732 -0.0556
vn -0.9979 -0.0352 -0.0550
vn -0.9885 -0.1406 -0.0556
vn 0.0496 0.0396 -0.9980
vn 0.0311 0.1433 -0.9892
vn -0.9844 -0.1667 -0.0556
vn 0.0541 0.0135 -0.9984
vn 0.9518 0.3016 0.0552
vn 0.9784 0.1992 0.0556
vn -0.0597 0.0191 0.9980
vn -0.0772 0.1231 0.9894
vn 0.9833 0.1733 0.0556
vn -0.0552 -0.0069 0.9985
vn 0.0184 0.2132 -0.9768
vn 0.9276 0.3695 0.0546
vn -0.0886 0.1932 0.9772
vn -0.9978 0.0368 -0.0542
vn 0.9684 0.2431 0.0555
vn -0.0672 0.0634 0.9957
vn -0.9938 -0.0959 -0.0554
vn 0.0418 0.0838 -0.9956
vn -0.1703 0.9854 0.0008
vn -0.2729 0.9599 0.0635
vn -0.1455 0.9892 -0.0192
vn -0.3939 0.9077 0.1447
vn -0.2163 0.9754 -0.0418
vn -0.2165 0.9697 0.1128
vn -0.2109 0.9578 -0.1954
vn -0.1531 0.9870 0.0497
vn -0.2956 0.9553 -0.0019
vn -0.0070 0.9950 0.1001
vn -0.4263 0.8989 -0.1015
vn -0.3137 0.9495 -0.0082
vn -0.5287 0.8267 -0.1924
vn -0.1632 0.9469 0.2769
vn -0.1778 0.9760 0.1256
vn -0.1447 0.8952 0.4216
vn -0.1022 -0.1461 -0.9840
vn -0.0992 -0.4109 -0.9063
vn 0.9549 -0.2915 -0.0568
vn 0.9947 -0.0218 -0.1000
vn 0.1021 0.1397 0.9849
vn 0.0971 -0.1363 0.9859
vn -0.9571 -0.2557 0.1364
vn -0.9948 0.0154 0.1010
vn -0.9851 0.1522 0.0801
vn -0.9942 0.0480 0.0962
vn -0.1020 -0.1134 -0.9883
vn -0.1007 -0.0078 -0.9949
vn -0.9947 0.0219 0.1000
vn -0.1021 -0.1396 -0.9849
vn 0.9862 0.1153 -0.1191
vn 0.9944 0.0109 -0.1048
vn 0.1022 0.1723 0.9797
vn 0.1017 0.2753 0.9560
vn 0.9948 -0.0153 -0.1010
vn 0.1022 0.1462 0.9840
vn -0.0991 0.0642 -0.9930
vn 0.9742 0.1858 -0.1280
vn 0.1008 0.3438 0.9336
vn -0.9726 0.2222 0.0686
vn 0.9923 0.0553 -0.1110
vn 0.1021 0.2164 0.9710
vn -0.9917 0.0925 0.0895
vn -0.1016 -0.0686 -0.9925
vn 0.0040 0.9896 -0.1440
vn -0.0644 0.9885 -0.1368
vn 0.0896 0.9843 -0.1521
vn -0.2168 0.9690 -0.1182
vn 0.0351 0.9783 -0.2042
vn -0.0351 0.9971 -0.0676
vn 0.1045 0.9361 -0.3360
vn 0.0517 0.9941 -0.0949
vn -0.0559 0.9772 -0.2047
vn 0.1582 0.9873 0.0173
vn 0.2555 0.9497 -0.1811
vn 0.1034 0.9783 -0.1796
vn 0.4014 0.8984 -0.1783
vn -0.1373 0.9267 -0.3498
vn -0.0701 0.9733 -0.2184
vn -0.2011 0.8579 -0.4728
vn -0.0665 0.9924 0.1035
vn -0.0058 0.9992 -0.0387
vn -0.1256 0.9618 0.2432
vt 0.552641 0.065686
vt 0.553092 0.022813
vt 0.544825 0.022813
vt 0.544866 0.065686
vt 0.582350 0.294690
vt 0.582774 0.251810
vt 0.574506 0.251810
vt 0.574575 0.294690
vt 0.488291 0.500989
vt 0.488358 0.461260
vt 0.480215 0.461975
vt 0.480633 0.501662
vt 0.610760 0.492035
vt 0.610806 0.451116
vt 0.602598 0.451600
vt 0.603041 0.492490
vt 0.613036 0.603961
vt 0.611482 0.574035
vt 0.603365 0.574514
vt 0.602585 0.604577
vt 0.611066 0.533024
vt 0.603241 0.533485
vt 0.490572 0.609769
vt 0.488991 0.580642
vt 0.480938 0.581349
vt 0.480203 0.610680
vt 0.488585 0.540802
vt 0.480821 0.541485
vt 0.583516 0.411531
vt 0.582288 0.380468
vt 0.574112 0.380468
vt 0.572988 0.411531
vt 0.582266 0.337578
vt 0.574383 0.337578
vt 0.553734 0.182519
vt 0.552525 0.151455
vt 0.544349 0.151455
vt 0.543208 0.182519
vt 0.552530 0.108569
vt 0.544648 0.108569
vt 0.555673 0.194424
vt 0.541645 0.194424
vt 0.585461 0.423430
vt 0.571430 0.423430
vt 0.492743 0.621260
vt 0.478925 0.622474
vt 0.615157 0.615697
vt 0.601228 0.616519
vt 0.490325 0.457613
vt 0.478925 0.458614
vt 0.612719 0.447271
vt 0.601228 0.447949
vt 0.554986 0.018434
vt 0.543412 0.018434
vt 0.584664 0.247424
vt 0.573088 0.247424
vt 0.548462 0.007884
vt 0.578138 0.236898
vt 0.483303 0.446362
vt 0.605875 0.436000
vt 0.914696 0.477800
vt 0.913895 0.436181
vt 0.947028 0.436000
vt 0.947828 0.477619
vt 0.913895 0.523910
vt 0.947028 0.523729
vt 0.948101 0.164839
vt 0.947835 0.206774
vt 0.914518 0.206544
vt 0.914784 0.164610
vt 0.947835 0.120472
vt 0.914518 0.120242
vt 0.914006 0.612912
vt 0.914663 0.571538
vt 0.947863 0.571562
vt 0.947207 0.612935
vt 0.914663 0.659369
vt 0.947863 0.659392
vt 0.949483 0.280970
vt 0.948396 0.322624
vt 0.915439 0.321210
vt 0.916526 0.279556
vt 0.948396 0.238312
vt 0.915439 0.236898
vt 0.542585 0.914771
vt 0.542841 0.955978
vt 0.509522 0.956396
vt 0.509266 0.915189
vt 0.542841 0.873751
vt 0.509522 0.874169
vt 0.232242 0.811848
vt 0.232268 0.769915
vt 0.265608 0.769933
vt 0.265582 0.811867
vt 0.232268 0.856714
vt 0.265608 0.856732
vt 0.157966 0.321860
vt 0.158236 0.276337
vt 0.149414 0.276337
vt 0.149670 0.321860
vt 0.192299 0.321904
vt 0.192790 0.276477
vt 0.183966 0.276477
vt 0.184000 0.321904
vt 0.490616 0.066940
vt 0.490649 0.023926
vt 0.481899 0.024407
vt 0.482388 0.067392
vt 0.521279 0.066500
vt 0.521304 0.023900
vt 0.512539 0.024377
vt 0.513036 0.066949
vt 0.523686 0.183161
vt 0.522067 0.151916
vt 0.513399 0.152388
vt 0.512524 0.183769
vt 0.521617 0.109194
vt 0.513260 0.109649
vt 0.493026 0.184671
vt 0.491397 0.153164
vt 0.482745 0.153640
vt 0.481885 0.185284
vt 0.490950 0.110039
vt 0.482608 0.110497
vt 0.193314 0.445758
vt 0.192112 0.412802
vt 0.183386 0.412802
vt 0.182077 0.445758
vt 0.192152 0.367350
vt 0.183738 0.367350
vt 0.159595 0.445836
vt 0.158227 0.412902
vt 0.149503 0.412902
vt 0.148362 0.445836
vt 0.158043 0.367381
vt 0.149632 0.367381
vt 0.161621 0.458411
vt 0.146652 0.458411
vt 0.195271 0.458429
vt 0.180296 0.458429
vt 0.495237 0.197074
vt 0.480390 0.197891
vt 0.525878 0.195501
vt 0.511004 0.196311
vt 0.492639 0.019943
vt 0.480390 0.020617
vt 0.523275 0.020006
vt 0.511004 0.020674
vt 0.160144 0.271629
vt 0.147794 0.271629
vt 0.194714 0.271888
vt 0.182360 0.271888
vt 0.153457 0.260639
vt 0.188107 0.260527
vt 0.485512 0.007884
vt 0.516212 0.007884
vt 0.755513 0.848008
vt 0.754486 0.803583
vt 0.789540 0.803031
vt 0.790568 0.847456
vt 0.754486 0.896156
vt 0.789540 0.895603
vt 0.896435 0.849179
vt 0.895620 0.893674
vt 0.860445 0.893039
vt 0.861260 0.848544
vt 0.895620 0.801799
vt 0.860445 0.801163
vt 0.383461 0.819866
vt 0.383860 0.776475
vt 0.419189 0.776379
vt 0.418790 0.819770
vt 0.383860 0.869549
vt 0.419189 0.869453
vt 0.898128 0.483885
vt 0.896852 0.528325
vt 0.861974 0.527064
vt 0.863250 0.482624
vt 0.896852 0.437261
vt 0.861974 0.436000
vt 0.950069 0.730280
vt 0.949888 0.773586
vt 0.914521 0.773255
vt 0.914702 0.729949
vt 0.949888 0.687907
vt 0.914521 0.687576
vt 0.862943 0.616433
vt 0.862428 0.571933
vt 0.897725 0.571538
vt 0.898239 0.616038
vt 0.862428 0.663850
vt 0.897725 0.663455
vt 0.188904 0.522283
vt 0.188879 0.486908
vt 0.181933 0.486908
vt 0.182372 0.522283
vt 0.223671 0.522029
vt 0.223988 0.486385
vt 0.217040 0.486385
vt 0.217137 0.522029
vt 0.016033 0.531012
vt 0.016041 0.499782
vt 0.009132 0.500196
vt 0.009536 0.531402
vt 0.086903 0.534413
vt 0.087002 0.499201
vt 0.080050 0.499201
vt 0.080365 0.534413
vt 0.088325 0.630604
vt 0.087277 0.604934
vt 0.080403 0.604934
vt 0.079473 0.630604
vt 0.087052 0.569667
vt 0.080424 0.569667
vt 0.017917 0.616794
vt 0.016663 0.593718
vt 0.009831 0.594128
vt 0.009120 0.617322
vt 0.016305 0.562349
vt 0.009718 0.562744
vt 0.224463 0.618960
vt 0.223598 0.593267
vt 0.216727 0.593267
vt 0.215616 0.618960
vt 0.223597 0.557651
vt 0.216973 0.557651
vt 0.190615 0.618872
vt 0.189510 0.593115
vt 0.182641 0.593115
vt 0.181771 0.618872
vt 0.189170 0.557693
vt 0.182547 0.557693
vt 0.192083 0.628865
vt 0.180296 0.628865
vt 0.225846 0.628681
vt 0.214056 0.628681
vt 0.019607 0.626067
vt 0.007884 0.626771
vt 0.089801 0.640595
vt 0.078004 0.640595
vt 0.017556 0.497131
vt 0.007884 0.497711
vt 0.088358 0.495796
vt 0.078626 0.495796
vt 0.190184 0.483446
vt 0.180460 0.483446
vt 0.225337 0.482586
vt 0.215610 0.482586
vt 0.185482 0.474196
vt 0.220687 0.474385
vt 0.012119 0.487512
vt 0.083550 0.486447
vt 0.964224 0.469623
vt 0.963595 0.436000
vt 0.991232 0.436308
vt 0.991861 0.469930
vt 0.963595 0.508804
vt 0.991232 0.509112
vt 0.991520 0.156100
vt 0.992116 0.190900
vt 0.964465 0.191625
vt 0.963868 0.156825
vt 0.992116 0.120242
vt 0.964465 0.120967
vt 0.809046 0.944959
vt 0.810296 0.910089
vt 0.837474 0.910706
vt 0.836224 0.945576
vt 0.810296 0.982885
vt 0.837474 0.983502
vt 0.811100 0.383859
vt 0.812072 0.350164
vt 0.839494 0.352077
vt 0.838522 0.385773
vt 0.812072 0.416460
vt 0.839494 0.418373
vt 0.990952 0.606927
vt 0.992047 0.641594
vt 0.964725 0.643070
vt 0.963630 0.608403
vt 0.992047 0.571538
vt 0.964725 0.573014
vt 0.754486 0.946734
vt 0.755329 0.911923
vt 0.782842 0.912243
vt 0.781999 0.947055
vt 0.755329 0.984889
vt 0.782842 0.985209
vt 0.461595 0.298208
vt 0.461977 0.253302
vt 0.453532 0.252848
vt 0.453653 0.297782
vt 0.090779 0.334862
vt 0.091164 0.289546
vt 0.082707 0.289774
vt 0.082825 0.335076
vt 0.614691 0.065153
vt 0.615177 0.024259
vt 0.606433 0.023617
vt 0.606468 0.064548
vt 0.055733 0.338682
vt 0.056126 0.294366
vt 0.047640 0.293769
vt 0.047752 0.338121
vt 0.056138 0.459992
vt 0.055445 0.427521
vt 0.047054 0.426931
vt 0.045333 0.459232
vt 0.055555 0.383088
vt 0.047465 0.382519
vt 0.615191 0.177625
vt 0.614337 0.147310
vt 0.605690 0.146675
vt 0.604058 0.176807
vt 0.614472 0.106206
vt 0.606136 0.105594
vt 0.091175 0.458010
vt 0.090497 0.425401
vt 0.082134 0.425626
vt 0.080407 0.458300
vt 0.090605 0.380138
vt 0.082542 0.380355
vt 0.461988 0.420952
vt 0.461316 0.388169
vt 0.452965 0.387720
vt 0.451235 0.420374
vt 0.461423 0.343179
vt 0.453371 0.342746
vt 0.463157 0.433753
vt 0.448827 0.432983
vt 0.092355 0.470292
vt 0.078004 0.470679
vt 0.616678 0.189902
vt 0.601841 0.188812
vt 0.057342 0.472784
vt 0.042943 0.471771
vt 0.616678 0.020907
vt 0.604437 0.020008
vt 0.057342 0.290275
vt 0.045462 0.289439
vt 0.463157 0.249012
vt 0.451335 0.248376
vt 0.092355 0.284649
vt 0.080515 0.284968
vt 0.459152 0.236898
vt 0.088315 0.274465
vt 0.611585 0.007884
vt 0.053217 0.277808
vt 0.215048 0.819704
vt 0.216475 0.863282
vt 0.181724 0.863065
vt 0.180296 0.819488
vt 0.216475 0.770132
vt 0.181724 0.769915
vt 0.666379 0.864852
vt 0.666299 0.909015
vt 0.630924 0.908907
vt 0.631004 0.864744
vt 0.666299 0.819862
vt 0.630924 0.819754
vt 0.113009 0.816516
vt 0.114544 0.772698
vt 0.149197 0.772672
vt 0.147662 0.816491
vt 0.114544 0.865897
vt 0.149197 0.865872
vt 0.752949 0.173682
vt 0.754779 0.130003
vt 0.789121 0.132960
vt 0.787291 0.176639
vt 0.754779 0.217374
vt 0.789121 0.220331
vt 0.947193 0.843692
vt 0.948316 0.887015
vt 0.913325 0.889043
vt 0.912202 0.845721
vt 0.948316 0.801163
vt 0.913325 0.803192
vt 0.809046 0.845317
vt 0.809324 0.801163
vt 0.844678 0.801224
vt 0.844400 0.845377
vt 0.809324 0.894262
vt 0.844678 0.894322
vt 0.429088 0.073990
vt 0.429042 0.025008
vt 0.419592 0.025008
vt 0.420201 0.073990
vt 0.429734 0.302916
vt 0.429910 0.253881
vt 0.420452 0.253881
vt 0.420840 0.302916
vt 0.520878 0.296531
vt 0.520798 0.254018
vt 0.511267 0.253935
vt 0.511915 0.296453
vt 0.395185 0.309758
vt 0.395068 0.261441
vt 0.385570 0.261371
vt 0.386253 0.309692
vt 0.397643 0.441759
vt 0.396143 0.406528
vt 0.386752 0.406459
vt 0.385550 0.441671
vt 0.395615 0.358134
vt 0.386561 0.358067
vt 0.523384 0.413505
vt 0.521813 0.381959
vt 0.512388 0.381876
vt 0.511248 0.413399
vt 0.521294 0.339218
vt 0.512207 0.339139
vt 0.431296 0.436495
vt 0.430074 0.400996
vt 0.420722 0.400996
vt 0.419254 0.436495
vt 0.429858 0.351956
vt 0.420841 0.351956
vt 0.431236 0.207500
vt 0.429864 0.171988
vt 0.420520 0.171988
vt 0.419204 0.207500
vt 0.429430 0.122986
vt 0.420421 0.122986
vt 0.433047 0.221131
vt 0.417012 0.221131
vt 0.433060 0.450072
vt 0.417012 0.450072
vt 0.525439 0.426310
vt 0.509266 0.426168
vt 0.399577 0.455477
vt 0.383462 0.455358
vt 0.522609 0.250571
vt 0.509266 0.250454
vt 0.396757 0.256775
vt 0.383462 0.256678
vt 0.430646 0.020032
vt 0.417417 0.020032
vt 0.431550 0.248838
vt 0.418310 0.248838
vt 0.424856 0.007884
vt 0.425767 0.236898
vt 0.516055 0.236898
vt 0.390617 0.243921
vt 0.791929 0.489494
vt 0.792291 0.536401
vt 0.754216 0.536340
vt 0.753853 0.489433
vt 0.792291 0.436061
vt 0.754216 0.436000
vt 0.730742 0.752922
vt 0.731339 0.800861
vt 0.693327 0.801348
vt 0.692730 0.753408
vt 0.731339 0.702015
vt 0.693327 0.702502
vt 0.754486 0.619392
vt 0.755450 0.571538
vt 0.793299 0.572043
vt 0.792335 0.619896
vt 0.755450 0.671305
vt 0.793299 0.671809
vt 0.509266 0.810260
vt 0.510001 0.763313
vt 0.547961 0.764563
vt 0.547226 0.811510
vt 0.510001 0.856735
vt 0.547961 0.857984
vt 0.846995 0.736743
vt 0.847756 0.784470
vt 0.809808 0.785396
vt 0.809046 0.737669
vt 0.847756 0.687576
vt 0.809808 0.688503
vt 0.754486 0.735512
vt 0.755406 0.687576
vt 0.793279 0.688298
vt 0.792359 0.736233
vt 0.755406 0.786543
vt 0.793279 0.787264
vt 0.520947 0.496852
vt 0.521334 0.455695
vt 0.513518 0.455893
vt 0.513597 0.497037
vt 0.552892 0.495493
vt 0.553284 0.454755
vt 0.545453 0.454385
vt 0.545528 0.495144
vt 0.158328 0.523185
vt 0.158711 0.488820
vt 0.150908 0.487681
vt 0.150990 0.522114
vt 0.581411 0.495069
vt 0.581264 0.453857
vt 0.573341 0.453782
vt 0.573960 0.494998
vt 0.583411 0.607523
vt 0.582246 0.577564
vt 0.574412 0.577489
vt 0.573323 0.607427
vt 0.581792 0.536311
vt 0.574239 0.536240
vt 0.158722 0.618130
vt 0.158049 0.592372
vt 0.150333 0.591246
vt 0.148786 0.616680
vt 0.158156 0.557748
vt 0.150716 0.556662
vt 0.553296 0.606874
vt 0.552606 0.577113
vt 0.544862 0.576746
vt 0.543324 0.606402
vt 0.552716 0.536293
vt 0.545250 0.535940
vt 0.521345 0.608658
vt 0.520665 0.579067
vt 0.512936 0.579262
vt 0.511393 0.608909
vt 0.520773 0.537966
vt 0.513322 0.538154
vt 0.522528 0.619779
vt 0.509266 0.620114
vt 0.554495 0.618515
vt 0.541207 0.617886
vt 0.159893 0.628826
vt 0.146652 0.626894
vt 0.584874 0.619100
vt 0.571431 0.618973
vt 0.159893 0.486342
vt 0.148969 0.484748
vt 0.582521 0.449767
vt 0.571431 0.449662
vt 0.522528 0.451217
vt 0.511587 0.451494
vt 0.554495 0.450889
vt 0.543532 0.450371
vt 0.518475 0.442077
vt 0.550387 0.439808
vt 0.155882 0.474178
vt 0.577914 0.439197
vt 0.265025 0.917413
vt 0.264223 0.957324
vt 0.232242 0.957320
vt 0.233044 0.917409
vt 0.264223 0.872504
vt 0.232242 0.872500
vt 0.947697 0.052645
vt 0.948575 0.092685
vt 0.916638 0.092771
vt 0.915760 0.052731
vt 0.948575 0.007884
vt 0.916638 0.007970
vt 0.335231 0.913995
vt 0.335147 0.873532
vt 0.367341 0.873448
vt 0.367425 0.913911
vt 0.335147 0.956381
vt 0.367341 0.956297
vt 0.916018 0.379181
vt 0.915439 0.339305
vt 0.947524 0.338391
vt 0.948103 0.378267
vt 0.915439 0.419069
vt 0.947524 0.418155
vt 0.367357 0.817216
vt 0.367344 0.857681
vt 0.335147 0.857673
vt 0.335160 0.817208
vt 0.367344 0.773573
vt 0.335147 0.773565
vt 0.449855 0.915709
vt 0.450988 0.875716
vt 0.482752 0.877401
vt 0.481619 0.917395
vt 0.450989 0.956067
vt 0.482752 0.957753
vt 0.362396 0.309403
vt 0.362905 0.261095
vt 0.353590 0.261095
vt 0.353636 0.309403
vt 0.461118 0.073001
vt 0.461596 0.024686
vt 0.452279 0.024686
vt 0.452356 0.073001
vt 0.224609 0.321735
vt 0.224685 0.276971
vt 0.215510 0.277777
vt 0.215981 0.322494
vt 0.325783 0.317650
vt 0.325834 0.271545
vt 0.316586 0.272090
vt 0.317085 0.318163
vt 0.328348 0.443762
vt 0.326596 0.410043
vt 0.317450 0.410583
vt 0.316571 0.444457
vt 0.326128 0.363834
vt 0.317310 0.364354
vt 0.227179 0.444302
vt 0.225398 0.411484
vt 0.216324 0.412281
vt 0.215496 0.445329
vt 0.224940 0.366595
vt 0.216193 0.367363
vt 0.462431 0.204650
vt 0.461047 0.169651
vt 0.451835 0.169651
vt 0.450568 0.204650
vt 0.461023 0.121324
vt 0.452141 0.121324
vt 0.363628 0.441043
vt 0.362265 0.406041
vt 0.353054 0.406041
vt 0.351767 0.441043
vt 0.362271 0.357720
vt 0.353391 0.357720
vt 0.365813 0.454457
vt 0.350007 0.454457
vt 0.464623 0.218057
vt 0.448814 0.218057
vt 0.229625 0.457250
vt 0.214056 0.458618
vt 0.330737 0.456986
vt 0.315043 0.457912
vt 0.226901 0.272861
vt 0.214056 0.273990
vt 0.327990 0.267213
vt 0.315043 0.267977
vt 0.365038 0.256162
vt 0.351998 0.256162
vt 0.463724 0.019743
vt 0.450682 0.019743
vt 0.357687 0.244274
vt 0.456372 0.007884
vt 0.218989 0.260185
vt 0.320278 0.254513
vt 0.631826 0.752033
vt 0.630924 0.705139
vt 0.668255 0.704936
vt 0.669158 0.751830
vt 0.630924 0.803987
vt 0.668255 0.803783
vt 0.848940 0.287147
vt 0.848640 0.334397
vt 0.811100 0.334138
vt 0.811400 0.286888
vt 0.848640 0.237156
vt 0.811100 0.236898
vt 0.808059 0.482618
vt 0.808798 0.436000
vt 0.846207 0.436026
vt 0.845467 0.482644
vt 0.808798 0.534962
vt 0.846207 0.534989
vt 0.849513 0.057541
vt 0.848288 0.104475
vt 0.811155 0.102882
vt 0.812379 0.055948
vt 0.848288 0.009477
vt 0.811155 0.007884
vt 0.319091 0.819784
vt 0.319380 0.866213
vt 0.281838 0.866685
vt 0.281549 0.820255
vt 0.319380 0.773565
vt 0.281838 0.774036
vt 0.809066 0.618786
vt 0.809095 0.571538
vt 0.846661 0.571559
vt 0.846632 0.618807
vt 0.809095 0.669338
vt 0.846661 0.669359
vt 0.490028 0.296886
vt 0.490387 0.252332
vt 0.481798 0.252332
vt 0.481951 0.296886
vt 0.019544 0.338049
vt 0.020087 0.293543
vt 0.011496 0.293543
vt 0.011465 0.338049
vt 0.610999 0.293784
vt 0.611063 0.252407
vt 0.602588 0.253110
vt 0.603028 0.294446
vt 0.551091 0.294985
vt 0.551140 0.252583
vt 0.542621 0.253107
vt 0.543079 0.295478
vt 0.553456 0.410980
vt 0.551838 0.379963
vt 0.543413 0.380480
vt 0.542607 0.411647
vt 0.551407 0.337462
vt 0.543285 0.337962
vt 0.613367 0.407074
vt 0.611730 0.376741
vt 0.603350 0.377437
vt 0.602575 0.407970
vt 0.611307 0.335249
vt 0.603226 0.335920
vt 0.020473 0.459360
vt 0.019274 0.427094
vt 0.010779 0.427094
vt 0.009534 0.459360
vt 0.019354 0.382569
vt 0.011164 0.382569
vt 0.491457 0.418257
vt 0.490124 0.386002
vt 0.481631 0.386002
vt 0.480521 0.418257
vt 0.490021 0.341443
vt 0.481832 0.341443
vt 0.493499 0.430595
vt 0.478925 0.430595
vt 0.022461 0.471745
vt 0.007884 0.471745
vt 0.615610 0.419039
vt 0.601228 0.420233
vt 0.555663 0.423152
vt 0.541207 0.424041
vt 0.613093 0.248606
vt 0.601228 0.249591
vt 0.553133 0.248607
vt 0.541207 0.249341
vt 0.492341 0.247751
vt 0.480317 0.247751
vt 0.022056 0.289021
vt 0.010030 0.289021
vt 0.485546 0.236898
vt 0.015315 0.277985
vt 0.605842 0.236898
vt 0.546005 0.236898
vt 0.864323 0.731153
vt 0.863523 0.687829
vt 0.897953 0.687577
vt 0.898753 0.730901
vt 0.863523 0.778849
vt 0.897953 0.778596
vt 0.899672 0.283513
vt 0.899292 0.327074
vt 0.864707 0.326771
vt 0.865087 0.283210
vt 0.899292 0.237201
vt 0.864707 0.236898
vt 0.863666 0.163157
vt 0.864214 0.120244
vt 0.898751 0.120242
vt 0.898202 0.163155
vt 0.864214 0.211475
vt 0.898751 0.211473
vt 0.728075 0.863117
vt 0.726995 0.906470
vt 0.692730 0.905155
vt 0.693811 0.861801
vt 0.726995 0.818430
vt 0.692730 0.817115
vt 0.728600 0.178001
vt 0.728710 0.220780
vt 0.694084 0.220960
vt 0.693974 0.178182
vt 0.728710 0.135465
vt 0.694084 0.135646
vt 0.865365 0.051511
vt 0.865280 0.007949
vt 0.899907 0.007884
vt 0.899992 0.051446
vt 0.865280 0.097913
vt 0.899907 0.097848
vt 0.159827 0.081225
vt 0.160099 0.026656
vt 0.149563 0.026656
vt 0.149919 0.081225
vt 0.127702 0.081460
vt 0.128481 0.027037
vt 0.117946 0.027040
vt 0.117795 0.081463
vt 0.362085 0.076436
vt 0.362150 0.026765
vt 0.351726 0.027632
vt 0.352283 0.077251
vt 0.293689 0.079804
vt 0.293745 0.027158
vt 0.283298 0.027697
vt 0.283865 0.080311
vt 0.296583 0.223725
vt 0.294608 0.185277
vt 0.284278 0.185810
vt 0.283282 0.224410
vt 0.294079 0.132529
vt 0.284120 0.133042
vt 0.364982 0.212560
vt 0.362997 0.176062
vt 0.352689 0.176919
vt 0.351710 0.213663
vt 0.362471 0.126230
vt 0.352533 0.127056
vt 0.128503 0.229864
vt 0.127134 0.190366
vt 0.116716 0.190369
vt 0.115090 0.229867
vt 0.127351 0.135909
vt 0.117308 0.135912
vt 0.162008 0.229817
vt 0.160272 0.190353
vt 0.149854 0.190353
vt 0.148594 0.229817
vt 0.159983 0.135790
vt 0.149939 0.135790
vt 0.164529 0.244872
vt 0.146652 0.244872
vt 0.130885 0.245064
vt 0.113009 0.245069
vt 0.367694 0.227036
vt 0.350007 0.228506
vt 0.299276 0.238750
vt 0.281549 0.239664
vt 0.364599 0.022304
vt 0.350007 0.023517
vt 0.296174 0.022145
vt 0.281549 0.022899
vt 0.162450 0.020995
vt 0.147701 0.020995
vt 0.130885 0.021557
vt 0.116137 0.021561
vt 0.154172 0.007884
vt 0.122727 0.007884
vt 0.355841 0.007884
vt 0.287484 0.007884
vt 0.509789 0.689047
vt 0.509266 0.636029
vt 0.551605 0.635882
vt 0.552128 0.688899
vt 0.509266 0.747546
vt 0.551605 0.747399
vt 0.050441 0.700033
vt 0.050286 0.753344
vt 0.007884 0.753247
vt 0.008039 0.699937
vt 0.050286 0.642635
vt 0.007884 0.642538
vt 0.571431 0.687772
vt 0.571874 0.634867
vt 0.614233 0.634956
vt 0.613789 0.687861
vt 0.571874 0.746486
vt 0.614233 0.746576
vt 0.324630 0.704756
vt 0.323769 0.757798
vt 0.281549 0.756704
vt 0.282410 0.703662
vt 0.323769 0.650343
vt 0.281549 0.649250
vt 0.795357 0.061370
vt 0.795387 0.114192
vt 0.752979 0.114235
vt 0.752949 0.061413
vt 0.795387 0.007884
vt 0.752979 0.007927
vt 0.180296 0.697948
vt 0.180480 0.644632
vt 0.222880 0.644807
vt 0.222696 0.698123
vt 0.180480 0.753973
vt 0.222880 0.754148
vt 0.292667 0.317868
vt 0.292437 0.271818
vt 0.283840 0.271656
vt 0.284582 0.317715
vt 0.260784 0.317555
vt 0.261169 0.271307
vt 0.252597 0.271365
vt 0.252722 0.317610
vt 0.126072 0.322504
vt 0.126528 0.277639
vt 0.117732 0.277144
vt 0.117800 0.322038
vt 0.584439 0.066440
vt 0.584839 0.024730
vt 0.576215 0.023601
vt 0.576329 0.065378
vt 0.584851 0.181229
vt 0.584147 0.150263
vt 0.575620 0.149146
vt 0.573870 0.179792
vt 0.584259 0.108325
vt 0.576038 0.107248
vt 0.126541 0.445336
vt 0.125739 0.412450
vt 0.117041 0.411961
vt 0.115341 0.444706
vt 0.125867 0.367462
vt 0.117481 0.366991
vt 0.261180 0.443423
vt 0.260503 0.410020
vt 0.252026 0.410077
vt 0.250266 0.443497
vt 0.260610 0.363789
vt 0.252438 0.363845
vt 0.294765 0.443525
vt 0.293625 0.410047
vt 0.285124 0.409886
vt 0.283819 0.443317
vt 0.293113 0.363952
vt 0.284917 0.363797
vt 0.296137 0.456464
vt 0.281549 0.456188
vt 0.262359 0.456124
vt 0.247814 0.456222
vt 0.127934 0.458303
vt 0.113009 0.457464
vt 0.586074 0.193813
vt 0.571441 0.191897
vt 0.127934 0.273512
vt 0.115621 0.272819
vt 0.586074 0.021366
vt 0.574001 0.019785
vt 0.293584 0.267251
vt 0.281549 0.267024
vt 0.262359 0.266457
vt 0.250359 0.266538
vt 0.289324 0.255432
vt 0.258321 0.255532
vt 0.123160 0.260836
vt 0.581884 0.007884
vt 0.484829 0.813184
vt 0.486627 0.858368
vt 0.451654 0.859949
vt 0.449855 0.814765
vt 0.486627 0.765357
vt 0.451654 0.766939
vt 0.044661 0.818326
vt 0.042921 0.863491
vt 0.007884 0.861843
vt 0.009624 0.816677
vt 0.042921 0.770760
vt 0.007884 0.769111
vt 0.060428 0.811971
vt 0.060830 0.769436
vt 0.096738 0.769111
vt 0.096336 0.811646
vt 0.060830 0.862714
vt 0.096738 0.862389
vt 0.811155 0.165397
vt 0.813125 0.120242
vt 0.847899 0.121410
vt 0.845929 0.166565
vt 0.813125 0.214191
vt 0.847899 0.215359
vt 0.607829 0.913817
vt 0.607304 0.956314
vt 0.571431 0.955102
vt 0.571955 0.912605
vt 0.607304 0.874159
vt 0.571431 0.872947
vt 0.572827 0.808242
vt 0.571430 0.763095
vt 0.606798 0.762343
vt 0.608194 0.807489
vt 0.571430 0.857180
vt 0.606798 0.856427
vt 0.194730 0.081431
vt 0.195259 0.027147
vt 0.184656 0.027147
vt 0.184758 0.081431
vt 0.227603 0.081020
vt 0.227841 0.026485
vt 0.217238 0.026485
vt 0.217632 0.081020
vt 0.395695 0.076429
vt 0.395738 0.026831
vt 0.385258 0.027572
vt 0.385840 0.077126
vt 0.262745 0.080156
vt 0.263488 0.027405
vt 0.252899 0.027497
vt 0.252787 0.080242
vt 0.263510 0.224463
vt 0.262203 0.185873
vt 0.251732 0.185964
vt 0.250026 0.224581
vt 0.262411 0.133000
vt 0.252315 0.133088
vt 0.398585 0.212399
vt 0.396627 0.175925
vt 0.386264 0.176658
vt 0.385241 0.213343
vt 0.396093 0.126157
vt 0.386102 0.126864
vt 0.229686 0.229441
vt 0.228052 0.190053
vt 0.217568 0.190053
vt 0.216186 0.229441
vt 0.227766 0.135539
vt 0.217658 0.135539
vt 0.196013 0.229530
vt 0.194594 0.190083
vt 0.184108 0.190083
vt 0.182512 0.229530
vt 0.194600 0.135751
vt 0.184491 0.135751
vt 0.198288 0.244760
vt 0.180296 0.244760
vt 0.232046 0.244418
vt 0.214056 0.244418
vt 0.401244 0.226895
vt 0.383462 0.228153
vt 0.265782 0.239609
vt 0.247814 0.239765
vt 0.398133 0.022412
vt 0.383462 0.023451
vt 0.265782 0.022462
vt 0.250958 0.022591
vt 0.197481 0.021743
vt 0.182637 0.021743
vt 0.230036 0.020766
vt 0.215193 0.020766
vt 0.189825 0.007884
vt 0.222296 0.007884
vt 0.389557 0.007884
vt 0.257998 0.007884
vt 0.695092 0.060217
vt 0.693974 0.007884
vt 0.736064 0.008005
vt 0.737182 0.060338
vt 0.693974 0.119577
vt 0.736064 0.119698
vt 0.155410 0.703482
vt 0.155579 0.756722
vt 0.113178 0.756905
vt 0.113009 0.703665
vt 0.155579 0.648085
vt 0.113178 0.648268
vt 0.693093 0.289796
vt 0.694507 0.236898
vt 0.736405 0.237179
vt 0.734992 0.290077
vt 0.694507 0.348519
vt 0.736405 0.348800
vt 0.426808 0.708195
vt 0.425246 0.760612
vt 0.383461 0.758096
vt 0.385023 0.705679
vt 0.425246 0.655834
vt 0.383461 0.653319
vt 0.794318 0.289566
vt 0.795333 0.342119
vt 0.753187 0.343703
vt 0.752172 0.291149
vt 0.795333 0.236898
vt 0.753187 0.238482
vt 0.449855 0.691479
vt 0.450414 0.638241
vt 0.492743 0.638521
vt 0.492184 0.691759
vt 0.450414 0.749310
vt 0.492743 0.749590
vt 0.057770 0.086555
vt 0.058109 0.028049
vt 0.046739 0.028049
vt 0.047077 0.086555
vt 0.023098 0.086765
vt 0.023573 0.028389
vt 0.012204 0.028389
vt 0.012406 0.086766
vt 0.328411 0.079984
vt 0.328417 0.028120
vt 0.317104 0.028730
vt 0.317772 0.080557
vt 0.093933 0.085941
vt 0.094742 0.028765
vt 0.083405 0.028874
vt 0.083271 0.086043
vt 0.094766 0.242217
vt 0.093342 0.200479
vt 0.082131 0.200586
vt 0.080330 0.242356
vt 0.093568 0.143197
vt 0.082759 0.143301
vt 0.331490 0.222371
vt 0.329446 0.184094
vt 0.318259 0.184698
vt 0.317085 0.223147
vt 0.328858 0.132013
vt 0.318072 0.132595
vt 0.024718 0.245930
vt 0.023134 0.203577
vt 0.011891 0.203577
vt 0.010241 0.245930
vt 0.023050 0.145167
vt 0.012211 0.145167
vt 0.059750 0.245884
vt 0.058075 0.203560
vt 0.046831 0.203560
vt 0.045272 0.245884
vt 0.057857 0.145058
vt 0.047016 0.145058
vt 0.062237 0.262041
vt 0.042943 0.262041
vt 0.027175 0.262218
vt 0.007884 0.262218
vt 0.334240 0.237711
vt 0.315043 0.238746
vt 0.097242 0.258514
vt 0.078004 0.258698
vt 0.330880 0.023663
vt 0.315043 0.024517
vt 0.097242 0.023301
vt 0.081371 0.023454
vt 0.060453 0.021994
vt 0.044535 0.021994
vt 0.025939 0.022496
vt 0.010023 0.022496
vt 0.052243 0.007884
vt 0.017732 0.007884
vt 0.322037 0.007884
vt 0.088759 0.007884
vt 0.631153 0.492597
vt 0.630924 0.436026
vt 0.676378 0.436000
vt 0.676608 0.492571
vt 0.630924 0.555771
vt 0.676378 0.555745
vt 0.677888 0.069573
vt 0.678207 0.126708
vt 0.632764 0.126894
vt 0.632446 0.069759
vt 0.678207 0.007884
vt 0.632764 0.008070
vt 0.631377 0.293910
vt 0.631932 0.236898
vt 0.677326 0.237136
vt 0.676770 0.294147
vt 0.631932 0.356168
vt 0.677326 0.356406
vt 0.738719 0.629654
vt 0.738109 0.686248
vt 0.692730 0.685366
vt 0.693340 0.628772
vt 0.738109 0.572420
vt 0.692730 0.571538
vt 0.737826 0.494570
vt 0.738086 0.551501
vt 0.692635 0.551822
vt 0.692375 0.494890
vt 0.738086 0.436000
vt 0.692635 0.436320
vt 0.630924 0.628668
vt 0.631607 0.571538
vt 0.676963 0.572224
vt 0.676280 0.629354
vt 0.631606 0.688483
vt 0.676963 0.689168
vt 0.392594 0.522599
vt 0.392641 0.484182
vt 0.385160 0.484182
vt 0.385559 0.522599
vt 0.427576 0.517666
vt 0.428092 0.479536
vt 0.420609 0.479536
vt 0.420539 0.517666
vt 0.291999 0.522510
vt 0.292539 0.485952
vt 0.285080 0.486123
vt 0.284985 0.522671
vt 0.323716 0.523122
vt 0.323741 0.487208
vt 0.316329 0.487643
vt 0.316745 0.523531
vt 0.325755 0.621486
vt 0.324379 0.595136
vt 0.317049 0.595566
vt 0.316317 0.622039
vt 0.324000 0.559117
vt 0.316933 0.559531
vt 0.292554 0.622614
vt 0.291605 0.595807
vt 0.284230 0.595976
vt 0.283058 0.622831
vt 0.291756 0.559147
vt 0.284645 0.559309
vt 0.428120 0.621774
vt 0.427204 0.594013
vt 0.419804 0.594013
vt 0.418592 0.621774
vt 0.427346 0.555833
vt 0.420212 0.555833
vt 0.394427 0.627073
vt 0.393165 0.599379
vt 0.385767 0.599379
vt 0.384902 0.627073
vt 0.392835 0.560992
vt 0.385703 0.560992
vt 0.396156 0.637551
vt 0.383462 0.637551
vt 0.429709 0.632543
vt 0.417012 0.632543
vt 0.294205 0.633193
vt 0.281549 0.633482
vt 0.327620 0.631900
vt 0.315043 0.632638
vt 0.294205 0.482601
vt 0.283764 0.482840
vt 0.325419 0.483935
vt 0.315043 0.484543
vt 0.394203 0.480089
vt 0.383731 0.480089
vt 0.429696 0.475804
vt 0.419220 0.475804
vt 0.388619 0.471244
vt 0.424254 0.465840
vt 0.288550 0.472231
vt 0.319407 0.473679
vt 0.633050 0.180856
vt 0.632445 0.143193
vt 0.662263 0.142661
vt 0.662867 0.180324
vt 0.632445 0.220662
vt 0.662263 0.220130
vt 0.210866 0.920463
vt 0.209927 0.958013
vt 0.180296 0.957608
vt 0.181235 0.920058
vt 0.209927 0.879453
vt 0.180296 0.879049
vt 0.113216 0.918286
vt 0.113009 0.881665
vt 0.142943 0.881727
vt 0.143149 0.918348
vt 0.113009 0.960398
vt 0.142943 0.960460
vt 0.890936 0.946958
vt 0.890198 0.983729
vt 0.860445 0.982428
vt 0.861184 0.945657
vt 0.890198 0.910743
vt 0.860445 0.909442
vt 0.384199 0.923706
vt 0.383461 0.886122
vt 0.413214 0.885316
vt 0.413952 0.922900
vt 0.383461 0.962803
vt 0.413215 0.961997
vt 0.457199 0.501189
vt 0.457265 0.463063
vt 0.449967 0.463342
vt 0.450336 0.501451
vt 0.358406 0.521613
vt 0.358468 0.483208
vt 0.351159 0.483102
vt 0.351532 0.521514
vt 0.255679 0.522222
vt 0.255800 0.485364
vt 0.248740 0.486118
vt 0.249040 0.522931
vt 0.121387 0.523137
vt 0.121452 0.487439
vt 0.114152 0.488105
vt 0.114522 0.523763
vt 0.123436 0.620870
vt 0.122011 0.594704
vt 0.114792 0.595363
vt 0.114141 0.621718
vt 0.121648 0.558909
vt 0.114688 0.559544
vt 0.257721 0.622924
vt 0.256240 0.596045
vt 0.249259 0.596791
vt 0.248731 0.623884
vt 0.255906 0.559126
vt 0.249175 0.559845
vt 0.360455 0.626081
vt 0.359032 0.598380
vt 0.351805 0.598275
vt 0.351148 0.625947
vt 0.358668 0.560000
vt 0.351700 0.559899
vt 0.459248 0.605213
vt 0.457822 0.577504
vt 0.450606 0.577779
vt 0.449956 0.605568
vt 0.457460 0.539342
vt 0.450502 0.539608
vt 0.461210 0.615916
vt 0.448827 0.616389
vt 0.362409 0.636578
vt 0.350007 0.636399
vt 0.259793 0.633392
vt 0.247814 0.634671
vt 0.125396 0.631188
vt 0.113009 0.632318
vt 0.257697 0.481808
vt 0.247814 0.482864
vt 0.123229 0.484155
vt 0.113009 0.485088
vt 0.459043 0.459273
vt 0.448827 0.459663
vt 0.360239 0.479135
vt 0.350007 0.478987
vt 0.452695 0.449520
vt 0.353917 0.470224
vt 0.250957 0.471989
vt 0.116886 0.474070
vt 0.061931 0.915502
vt 0.060428 0.878481
vt 0.089554 0.878585
vt 0.091057 0.915605
vt 0.060428 0.957372
vt 0.089554 0.957476
vt 0.942452 0.942859
vt 0.942109 0.980093
vt 0.912202 0.979585
vt 0.912545 0.942351
vt 0.942109 0.905318
vt 0.912202 0.904810
vt 0.066209 0.711294
vt 0.067598 0.674549
vt 0.096845 0.674217
vt 0.095455 0.710962
vt 0.067598 0.753344
vt 0.096845 0.753013
vt 0.895254 0.383115
vt 0.893416 0.420227
vt 0.864707 0.417454
vt 0.866545 0.380341
vt 0.893416 0.345615
vt 0.864707 0.342842
vt 0.987831 0.939665
vt 0.988796 0.975866
vt 0.959184 0.977814
vt 0.958219 0.941613
vt 0.988796 0.904810
vt 0.959184 0.906758
vt 0.007897 0.916470
vt 0.007884 0.879259
vt 0.037833 0.879258
vt 0.037846 0.916469
vt 0.007884 0.958150
vt 0.037833 0.958149
s 1
usemtl Materiais.001
f 507/774/489 500/775/490 503/776/491 506/777/492
f 513/778/493 502/779/494 501/780/495 512/781/496
f 506/782/492 503/783/491 502/784/494 513/785/493
f 512/786/496 501/787/495 500/788/490 507/789/489
f 519/790/497 510/791/498 509/792/499 516/793/500
f 510/791/498 511/794/501 508/795/502 509/792/499
f 511/794/501 512/786/496 507/789/489 508/795/502
f 518/796/503 504/797/504 515/798/505 517/799/506
f 504/797/504 505/800/507 514/801/508 515/798/505
f 505/800/507 506/782/492 513/785/493 514/801/508
f 517/802/506 515/803/505 510/804/498 519/805/497
f 515/803/505 514/806/508 511/807/501 510/804/498
f 514/806/508 513/778/493 512/781/496 511/807/501
f 516/808/500 509/809/499 504/810/504 518/811/503
f 509/809/499 508/812/502 505/813/507 504/810/504
f 508/812/502 507/774/489 506/777/492 505/813/507
f 496/814/509 516/808/500 518/811/503 499/815/510
f 498/816/511 517/802/506 519/805/497 497/817/512
f 499/818/510 518/796/503 517/799/506 498/819/511
f 497/820/512 519/790/497 516/793/500 496/821/509
f 503/783/491 523/822/513 522/823/514 502/784/494
f 501/787/495 521/824/515 520/825/516 500/788/490
f 500/775/490 520/826/516 523/827/513 503/776/491
f 502/779/494 522/828/514 521/829/515 501/780/495
f 520/826/516 524/830/517 523/827/513
f 522/828/514 524/831/517 521/829/515
f 523/822/513 524/832/517 522/823/514
f 521/824/515 524/833/517 520/825/516
f 529/834/518 526/835/519 528/836/519 530/837/518
f 525/838/520 529/834/518 530/837/518 527/839/520
f 535/840/521 532/841/522 534/842/522 536/843/521
f 531/844/523 535/840/521 536/843/521 533/845/523
f 541/846/524 538/847/525 540/848/525 542/849/524
f 537/850/526 541/846/524 542/849/524 539/851/526
f 547/852/527 544/853/528 546/854/528 548/855/527
f 543/856/529 547/852/527 548/855/527 545/857/529
f 553/858/530 550/859/531 552/860/531 554/861/530
f 549/862/532 553/858/530 554/861/530 551/863/532
f 559/864/533 556/865/534 558/866/534 560/867/533
f 555/868/535 559/864/533 560/867/533 557/869/535
f 572/870/536 565/871/537 568/872/538 571/873/539
f 578/874/540 567/875/541 566/876/542 577/877/543
f 571/878/539 568/879/538 567/880/541 578/881/540
f 577/882/543 566/883/542 565/884/537 572/885/536
f 584/886/544 575/887/545 574/888/546 581/889/547
f 575/887/545 576/890/548 573/891/549 574/888/546
f 576/890/548 577/882/543 572/885/536 573/891/549
f 583/892/550 569/893/551 580/894/552 582/895/553
f 569/893/551 570/896/554 579/897/555 580/894/552
f 570/896/554 571/878/539 578/881/540 579/897/555
f 582/898/553 580/899/552 575/900/545 584/901/544
f 580/899/552 579/902/555 576/903/548 575/900/545
f 579/902/555 578/874/540 577/877/543 576/903/548
f 581/904/547 574/905/546 569/906/551 583/907/550
f 574/905/546 573/908/549 570/909/554 569/906/551
f 573/908/549 572/870/536 571/873/539 570/909/554
f 561/910/556 581/904/547 583/907/550 564/911/557
f 563/912/558 582/898/553 584/901/544 562/913/559
f 564/914/557 583/892/550 582/895/553 563/915/558
f 562/916/559 584/886/544 581/889/547 561/917/556
f 568/879/538 588/918/560 587/919/561 567/880/541
f 566/883/542 586/920/562 585/921/563 565/884/537
f 565/871/537 585/922/563 588/923/560 568/872/538
f 567/875/541 587/924/561 586/925/562 566/876/542
f 585/922/563 589/926/564 588/923/560
f 587/924/561 589/927/564 586/925/562
f 588/918/560 589/928/564 587/919/561
f 586/920/562 589/929/564 585/921/563
f 594/930/565 591/931/566 593/932/566 595/933/565
f 590/934/567 594/930/565 595/933/565 592/935/567
f 600/936/568 597/937/569 599/938/569 601/939/568
f 596/940/570 600/936/568 601/939/568 598/941/570
f 606/942/571 603/943/572 605/944/572 607/945/571
f 602/946/573 606/942/571 607/945/571 604/947/573
f 612/948/574 609/949/575 611/950/575 613/951/574
f 608/952/576 612/948/574 613/951/574 610/953/576
f 618/954/577 615/955/578 617/956/578 619/957/577
f 614/958/579 618/954/577 619/957/577 616/959/579
f 624/960/580 621/961/581 623/962/581 625/963/580
f 620/964/582 624/960/580 625/963/580 622/965/582
f 637/966/583 630/967/584 633/968/585 636/969/586
f 643/970/587 632/971/588 631/972/589 642/973/590
f 636/974/586 633/975/585 632/976/588 643/977/587
f 642/978/590 631/979/589 630/980/584 637/981/583
f 649/982/591 640/983/592 639/984/593 646/985/594
f 640/983/592 641/986/595 638/987/596 639/984/593
f 641/986/595 642/978/590 637/981/583 638/987/596
f 648/988/597 634/989/598 645/990/599 647/991/600
f 634/989/598 635/992/601 644/993/602 645/990/599
f 635/992/601 636/974/586 643/977/587 644/993/602
f 647/994/600 645/995/599 640/996/592 649/997/591
f 645/995/599 644/998/602 641/999/595 640/996/592
f 644/998/602 643/970/587 642/973/590 641/999/595
f 646/1000/594 639/1001/593 634/1002/598 648/1003/597
f 639/1001/593 638/1004/596 635/1005/601 634/1002/598
f 638/1004/596 637/966/583 636/969/586 635/1005/601
f 626/1006/603 646/1000/594 648/1003/597 629/1007/604
f 628/1008/605 647/994/600 649/997/591 627/1009/606
f 629/1010/604 648/988/597 647/991/600 628/1011/605
f 627/1012/606 649/982/591 646/985/594 626/1013/603
f 633/975/585 653/1014/607 652/1015/608 632/976/588
f 631/979/589 651/1016/609 650/1017/610 630/980/584
f 630/967/584 650/1018/610 653/1019/607 633/968/585
f 632/971/588 652/1020/608 651/1021/609 631/972/589
f 650/1018/610 654/1022/611 653/1019/607
f 652/1020/608 654/1023/611 651/1021/609
f 653/1014/607 654/1024/611 652/1015/608
f 651/1016/609 654/1025/611 650/1017/610
f 659/1026/612 656/1027/613 658/1028/613 660/1029/612
f 655/1030/614 659/1026/612 660/1029/612 657/1031/614
f 665/1032/615 662/1033/616 664/1034/616 666/1035/615
f 661/1036/617 665/1032/615 666/1035/615 663/1037/617
f 671/1038/618 668/1039/619 670/1040/619 672/1041/618
f 667/1042/620 671/1038/618 672/1041/618 669/1043/620
f 677/1044/621 674/1045/622 676/1046/622 678/1047/621
f 673/1048/623 677/1044/621 678/1047/621 675/1049/623
f 683/1050/624 680/1051/625 682/1052/625 684/1053/624
f 679/1054/626 683/1050/624 684/1053/624 681/1055/626
f 689/1056/627 686/1057/628 688/1058/628 690/1059/627
f 685/1060/629 689/1056/627 690/1059/627 687/1061/629
f 702/1062/630 695/1063/631 698/1064/632 701/1065/633
f 708/1066/634 697/1067/635 696/1068/636 707/1069/637
f 701/1070/633 698/1071/632 697/1072/635 708/1073/634
f 707/1074/637 696/1075/636 695/1076/631 702/1077/630
f 714/1078/638 705/1079/639 704/1080/640 711/1081/641
f 705/1079/639 706/1082/642 703/1083/643 704/1080/640
f 706/1082/642 707/1074/637 702/1077/630 703/1083/643
f 713/1084/644 699/1085/645 710/1086/646 712/1087/647
f 699/1085/645 700/1088/648 709/1089/649 710/1086/646
f 700/1088/648 701/1070/633 708/1073/634 709/1089/649
f 712/1090/647 710/1091/646 705/1092/639 714/1093/638
f 710/1091/646 709/1094/649 706/1095/642 705/1092/639
f 709/1094/649 708/1066/634 707/1069/637 706/1095/642
f 711/1096/641 704/1097/640 699/1098/645 713/1099/644
f 704/1097/640 703/1100/643 700/1101/648 699/1098/645
f 703/1100/643 702/1062/630 701/1065/633 700/1101/648
f 691/1102/650 711/1096/641 713/1099/644 694/1103/651
f 693/1104/652 712/1090/647 714/1093/638 692/1105/653
f 694/1106/651 713/1084/644 712/1087/647 693/1107/652
f 692/1108/653 714/1078/638 711/1081/641 691/1109/650
f 698/1071/632 718/1110/654 717/1111/655 697/1072/635
f 696/1075/636 716/1112/656 715/1113/657 695/1076/631
f 695/1063/631 715/1114/657 718/1115/654 698/1064/632
f 697/1067/635 717/1116/655 716/1117/656 696/1068/636
f 715/1114/657 719/1118/658 718/1115/654
f 717/1116/655 719/1119/658 716/1117/656
f 718/1110/654 719/1120/658 717/1111/655
f 716/1112/656 719/1121/658 715/1113/657
f 724/1122/659 721/1123/660 723/1124/660 725/1125/659
f 720/1126/661 724/1122/659 725/1125/659 722/1127/661
f 730/1128/662 727/1129/663 729/1130/663 731/1131/662
f 726/1132/664 730/1128/662 731/1131/662 728/1133/664
f 736/1134/665 733/1135/666 735/1136/666 737/1137/665
f 732/1138/667 736/1134/665 737/1137/665 734/1139/667
f 742/1140/668 739/1141/669 741/1142/669 743/1143/668
f 738/1144/670 742/1140/668 743/1143/668 740/1145/670
f 748/1146/671 745/1147/672 747/1148/672 749/1149/671
f 744/1150/673 748/1146/671 749/1149/671 746/1151/673
f 754/1152/674 751/1153/675 753/1154/675 755/1155/674
f 750/1156/676 754/1152/674 755/1155/674 752/1157/676
f 767/1158/677 760/1159/678 763/1160/679 766/1161/680
f 773/1162/681 762/1163/682 761/1164/683 772/1165/684
f 766/1166/680 763/1167/679 762/1168/682 773/1169/681
f 772/1170/684 761/1171/683 760/1172/678 767/1173/677
f 779/1174/685 770/1175/686 769/1176/687 776/1177/688
f 770/1175/686 771/1178/689 768/1179/690 769/1176/687
f 771/1178/689 772/1170/684 767/1173/677 768/1179/690
f 778/1180/691 764/1181/692 775/1182/693 777/1183/694
f 764/1181/692 765/1184/695 774/1185/696 775/1182/693
f 765/1184/695 766/1166/680 773/1169/681 774/1185/696
f 777/1186/694 775/1187/693 770/1188/686 779/1189/685
f 775/1187/693 774/1190/696 771/1191/689 770/1188/686
f 774/1190/696 773/1162/681 772/1165/684 771/1191/689
f 776/1192/688 769/1193/687 764/1194/692 778/1195/691
f 769/1193/687 768/1196/690 765/1197/695 764/1194/692
f 768/1196/690 767/1158/677 766/1161/680 765/1197/695
f 756/1198/697 776/1192/688 778/1195/691 759/1199/698
f 758/1200/699 777/1186/694 779/1189/685 757/1201/700
f 759/1202/698 778/1180/691 777/1183/694 758/1203/699
f 757/1204/700 779/1174/685 776/1177/688 756/1205/697
f 763/1167/679 783/1206/701 782/1207/702 762/1168/682
f 761/1171/683 781/1208/703 780/1209/704 760/1172/678
f 760/1159/678 780/1210/704 783/1211/701 763/1160/679
f 762/1163/682 782/1212/702 781/1213/703 761/1164/683
f 780/1210/704 784/1214/705 783/1211/701
f 782/1212/702 784/1215/705 781/1213/703
f 783/1206/701 784/1216/705 782/1207/702
f 781/1208/703 784/1217/705 780/1209/704
f 789/1218/706 786/1219/707 788/1220/707 790/1221/706
f 785/1222/708 789/1218/706 790/1221/706 787/1223/708
f 795/1224/709 792/1225/710 794/1226/710 796/1227/709
f 791/1228/711 795/1224/709 796/1227/709 793/1229/711
f 801/1230/712 798/1231/713 800/1232/713 802/1233/712
f 797/1234/714 801/1230/712 802/1233/712 799/1235/714
f 807/1236/715 804/1237/716 806/1238/716 808/1239/715
f 803/1240/717 807/1236/715 808/1239/715 805/1241/717
f 813/1242/718 810/1243/719 812/1244/719 814/1245/718
f 809/1246/720 813/1242/718 814/1245/718 811/1247/720
f 819/1248/721 816/1249/722 818/1250/722 820/1251/721
f 815/1252/723 819/1248/721 820/1251/721 817/1253/723
f 832/1254/724 825/1255/725 828/1256/726 831/1257/727
f 838/1258/728 827/1259/729 826/1260/730 837/1261/731
f 831/1262/727 828/1263/726 827/1264/729 838/1265/728
f 837/1266/731 826/1267/730 825/1268/725 832/1269/724
f 844/1270/732 835/1271/733 834/1272/734 841/1273/735
f 835/1271/733 836/1274/736 833/1275/737 834/1272/734
f 836/1274/736 837/1266/731 832/1269/724 833/1275/737
f 843/1276/738 829/1277/739 840/1278/740 842/1279/741
f 829/1277/739 830/1280/742 839/1281/743 840/1278/740
f 830/1280/742 831/1262/727 838/1265/728 839/1281/743
f 842/1282/741 840/1283/740 835/1284/733 844/1285/732
f 840/1283/740 839/1286/743 836/1287/736 835/1284/733
f 839/1286/743 838/1258/728 837/1261/731 836/1287/736
f 841/1288/735 834/1289/734 829/1290/739 843/1291/738
f 834/1289/734 833/1292/737 830/1293/742 829/1290/739
f 833/1292/737 832/1254/724 831/1257/727 830/1293/742
f 821/1294/744 841/1288/735 843/1291/738 824/1295/745
f 823/1296/746 842/1282/741 844/1285/732 822/1297/747
f 824/1298/745 843/1276/738 842/1279/741 823/1299/746
f 822/1300/747 844/1270/732 841/1273/735 821/1301/744
f 828/1263/726 848/1302/748 847/1303/749 827/1264/729
f 826/1267/730 846/1304/750 845/1305/751 825/1268/725
f 825/1255/725 845/1306/751 848/1307/748 828/1256/726
f 827/1259/729 847/1308/749 846/1309/750 826/1260/730
f 845/1306/751 849/1310/752 848/1307/748
f 847/1308/749 849/1311/752 846/1309/750
f 848/1302/748 849/1312/752 847/1303/749
f 846/1304/750 849/1313/752 845/1305/751
f 854/1314/753 851/1315/754 853/1316/754 855/1317/753
f 850/1318/755 854/1314/753 855/1317/753 852/1319/755
f 860/1320/756 857/1321/757 859/1322/757 861/1323/756
f 856/1324/758 860/1320/756 861/1323/756 858/1325/758
f 866/1326/759 863/1327/760 865/1328/760 867/1329/759
f 862/1330/761 866/1326/759 867/1329/759 864/1331/761
f 872/1332/762 869/1333/763 871/1334/763 873/1335/762
f 868/1336/764 872/1332/762 873/1335/762 870/1337/764
f 878/1338/765 875/1339/766 877/1340/766 879/1341/765
f 874/1342/767 878/1338/765 879/1341/765 876/1343/767
f 884/1344/768 881/1345/769 883/1346/769 885/1347/768
f 880/1348/770 884/1344/768 885/1347/768 882/1349/770
f 897/1350/489 890/1351/490 893/1352/771 896/1353/492
f 903/1354/493 892/1355/494 891/1356/495 902/1357/496
f 896/1358/492 893/1359/771 892/1360/494 903/1361/493
f 902/1362/496 891/1363/495 890/1364/490 897/1365/489
f 909/1366/497 900/1367/498 899/1368/499 906/1369/772
f 900/1367/498 901/1370/501 898/1371/502 899/1368/499
f 901/1370/501 902/1362/496 897/1365/489 898/1371/502
f 908/1372/503 894/1373/504 905/1374/505 907/1375/506
f 894/1373/504 895/1376/507 904/1377/508 905/1374/505
f 895/1376/507 896/1358/492 903/1361/493 904/1377/508
f 907/1378/506 905/1379/505 900/1380/498 909/1381/497
f 905/1379/505 904/1382/508 901/1383/501 900/1380/498
f 904/1382/508 903/1354/493 902/1357/496 901/1383/501
f 906/1384/772 899/1385/499 894/1386/504 908/1387/503
f 899/1385/499 898/1388/502 895/1389/507 894/1386/504
f 898/1388/502 897/1350/489 896/1353/492 895/1389/507
f 886/1390/509 906/1384/772 908/1387/503 889/1391/510
f 888/1392/511 907/1378/506 909/1381/497 887/1393/512
f 889/1394/510 908/1372/503 907/1375/506 888/1395/511
f 887/1396/512 909/1366/497 906/1369/772 886/1397/509
f 893/1359/771 913/1398/773 912/1399/514 892/1360/494
f 891/1363/495 911/1400/515 910/1401/516 890/1364/490
f 890/1351/490 910/1402/516 913/1403/773 893/1352/771
f 892/1355/494 912/1404/514 911/1405/515 891/1356/495
f 910/1402/516 914/1406/517 913/1403/773
f 912/1404/514 914/1407/517 911/1405/515
f 913/1398/773 914/1408/517 912/1399/514
f 911/1400/515 914/1409/517 910/1401/516
f 919/1410/518 916/1411/774 918/1412/774 920/1413/518
f 915/1414/775 919/1410/518 920/1413/518 917/1415/775
f 925/1416/521 922/1417/776 924/1418/776 926/1419/521
f 921/1420/777 925/1416/521 926/1419/521 923/1421/777
f 931/1422/778 928/1423/779 930/1424/779 932/1425/778
f 927/1426/780 931/1422/778 932/1425/778 929/1427/780
f 937/1428/527 934/1429/781 936/1430/781 938/1431/527
f 933/1432/782 937/1428/527 938/1431/527 935/1433/782
f 943/1434/530 940/1435/783 942/1436/783 944/1437/530
f 939/1438/784 943/1434/530 944/1437/530 941/1439/784
f 949/1440/785 946/1441/786 948/1442/786 950/1443/785
f 945/1444/787 949/1440/785 950/1443/785 947/1445/787
f 962/1446/788 955/1447/789 958/1448/790 961/1449/791
f 968/1450/792 957/1451/793 956/1452/794 967/1453/795
f 961/1454/791 958/1455/790 957/1456/793 968/1457/792
f 967/1458/795 956/1459/794 955/1460/789 962/1461/788
f 974/1462/796 965/1463/797 964/1464/798 971/1465/799
f 965/1463/797 966/1466/800 963/1467/801 964/1464/798
f 966/1466/800 967/1458/795 962/1461/788 963/1467/801
f 973/1468/802 959/1469/803 970/1470/804 972/1471/805
f 959/1469/803 960/1472/806 969/1473/807 970/1470/804
f 960/1472/806 961/1454/791 968/1457/792 969/1473/807
f 972/1474/805 970/1475/804 965/1476/797 974/1477/796
f 970/1475/804 969/1478/807 966/1479/800 965/1476/797
f 969/1478/807 968/1450/792 967/1453/795 966/1479/800
f 971/1480/799 964/1481/798 959/1482/803 973/1483/802
f 964/1481/798 963/1484/801 960/1485/806 959/1482/803
f 963/1484/801 962/1446/788 961/1449/791 960/1485/806
f 951/1486/808 971/1480/799 973/1483/802 954/1487/809
f 953/1488/810 972/1474/805 974/1477/796 952/1489/811
f 954/1490/809 973/1468/802 972/1471/805 953/1491/810
f 952/1492/811 974/1462/796 971/1465/799 951/1493/808
f 958/1455/790 978/1494/812 977/1495/813 957/1456/793
f 956/1459/794 976/1496/814 975/1497/815 955/1460/789
f 955/1447/789 975/1498/815 978/1499/812 958/1448/790
f 957/1451/793 977/1500/813 976/1501/814 956/1452/794
f 975/1498/815 979/1502/816 978/1499/812
f 977/1500/813 979/1503/816 976/1501/814
f 978/1494/812 979/1504/816 977/1495/813
f 976/1496/814 979/1505/816 975/1497/815
f 984/1506/817 981/1507/818 983/1508/818 985/1509/817
f 980/1510/819 984/1506/817 985/1509/817 982/1511/819
f 990/1512/820 987/1513/821 989/1514/821 991/1515/820
f 986/1516/822 990/1512/820 991/1515/820 988/1517/822
f 996/1518/823 993/1519/824 995/1520/824 997/1521/823
f 992/1522/825 996/1518/823 997/1521/823 994/1523/825
f 1002/1524/826 999/1525/827 1001/1526/827 1003/1527/826
f 998/1528/828 1002/1524/826 1003/1527/826 1000/1529/828
f 1008/1530/829 1005/1531/830 1007/1532/830 1009/1533/829
f 1004/1534/831 1008/1530/829 1009/1533/829 1006/1535/831
f 1014/1536/832 1011/1537/833 1013/1538/833 1015/1539/832
f 1010/1540/834 1014/1536/832 1015/1539/832 1012/1541/834
f 1027/1542/835 1020/1543/836 1023/1544/837 1026/1545/838
f 1033/1546/839 1022/1547/840 1021/1548/841 1032/1549/842
f 1026/1550/838 1023/1551/837 1022/1552/840 1033/1553/839
f 1032/1554/842 1021/1555/841 1020/1556/836 1027/1557/835
f 1039/1558/843 1030/1559/844 1029/1560/845 1036/1561/846
f 1030/1559/844 1031/1562/847 1028/1563/848 1029/1560/845
f 1031/1562/847 1032/1554/842 1027/1557/835 1028/1563/848
f 1038/1564/849 1024/1565/850 1035/1566/851 1037/1567/852
f 1024/1565/850 1025/1568/853 1034/1569/854 1035/1566/851
f 1025/1568/853 1026/1550/838 1033/1553/839 1034/1569/854
f 1037/1570/852 1035/1571/851 1030/1572/844 1039/1573/843
f 1035/1571/851 1034/1574/854 1031/1575/847 1030/1572/844
f 1034/1574/854 1033/1546/839 1032/1549/842 1031/1575/847
f 1036/1576/846 1029/1577/845 1024/1578/850 1038/1579/849
f 1029/1577/845 1028/1580/848 1025/1581/853 1024/1578/850
f 1028/1580/848 1027/1542/835 1026/1545/838 1025/1581/853
f 1016/1582/855 1036/1576/846 1038/1579/849 1019/1583/856
f 1018/1584/857 1037/1570/852 1039/1573/843 1017/1585/858
f 1019/1586/856 1038/1564/849 1037/1567/852 1018/1587/857
f 1017/1588/858 1039/1558/843 1036/1561/846 1016/1589/855
f 1023/1551/837 1043/1590/859 1042/1591/860 1022/1552/840
f 1021/1555/841 1041/1592/861 1040/1593/862 1020/1556/836
f 1020/1543/836 1040/1594/862 1043/1595/859 1023/1544/837
f 1022/1547/840 1042/1596/860 1041/1597/861 1021/1548/841
f 1040/1594/862 1044/1598/863 1043/1595/859
f 1042/1596/860 1044/1599/863 1041/1597/861
f 1043/1590/859 1044/1600/863 1042/1591/860
f 1041/1592/861 1044/1601/863 1040/1593/862
f 1049/1602/864 1046/1603/865 1048/1604/865 1050/1605/864
f 1045/1606/866 1049/1602/864 1050/1605/864 1047/1607/866
f 1055/1608/867 1052/1609/868 1054/1610/868 1056/1611/867
f 1051/1612/869 1055/1608/867 1056/1611/867 1053/1613/869
f 1061/1614/870 1058/1615/871 1060/1616/871 1062/1617/870
f 1057/1618/872 1061/1614/870 1062/1617/870 1059/1619/872
f 1067/1620/873 1064/1621/874 1066/1622/874 1068/1623/873
f 1063/1624/875 1067/1620/873 1068/1623/873 1065/1625/875
f 1073/1626/876 1070/1627/877 1072/1628/877 1074/1629/876
f 1069/1630/878 1073/1626/876 1074/1629/876 1071/1631/878
f 1079/1632/879 1076/1633/880 1078/1634/880 1080/1635/879
f 1075/1636/881 1079/1632/879 1080/1635/879 1077/1637/881
f 1092/1638/882 1085/1639/883 1088/1640/884 1091/1641/885
f 1098/1642/886 1087/1643/887 1086/1644/888 1097/1645/889
f 1091/1646/885 1088/1647/884 1087/1648/887 1098/1649/886
f 1097/1650/889 1086/1651/888 1085/1652/883 1092/1653/882
f 1104/1654/890 1095/1655/891 1094/1656/892 1101/1657/893
f 1095/1655/891 1096/1658/894 1093/1659/895 1094/1656/892
f 1096/1658/894 1097/1650/889 1092/1653/882 1093/1659/895
f 1103/1660/896 1089/1661/897 1100/1662/898 1102/1663/899
f 1089/1661/897 1090/1664/900 1099/1665/901 1100/1662/898
f 1090/1664/900 1091/1646/885 1098/1649/886 1099/1665/901
f 1102/1666/899 1100/1667/898 1095/1668/891 1104/1669/890
f 1100/1667/898 1099/1670/901 1096/1671/894 1095/1668/891
f 1099/1670/901 1098/1642/886 1097/1645/889 1096/1671/894
f 1101/1672/893 1094/1673/892 1089/1674/897 1103/1675/896
f 1094/1673/892 1093/1676/895 1090/1677/900 1089/1674/897
f 1093/1676/895 1092/1638/882 1091/1641/885 1090/1677/900
f 1081/1678/902 1101/1672/893 1103/1675/896 1084/1679/903
f 1083/1680/904 1102/1666/899 1104/1669/890 1082/1681/905
f 1084/1682/903 1103/1660/896 1102/1663/899 1083/1683/904
f 1082/1684/905 1104/1654/890 1101/1657/893 1081/1685/902
f 1088/1647/884 1108/1686/906 1107/1687/907 1087/1648/887
f 1086/1651/888 1106/1688/908 1105/1689/909 1085/1652/883
f 1085/1639/883 1105/1690/909 1108/1691/906 1088/1640/884
f 1087/1643/887 1107/1692/907 1106/1693/908 1086/1644/888
f 1105/1690/909 1109/1694/910 1108/1691/906
f 1107/1692/907 1109/1695/910 1106/1693/908
f 1108/1686/906 1109/1696/910 1107/1687/907
f 1106/1688/908 1109/1697/910 1105/1689/909
f 1114/1698/911 1111/1699/912 1113/1700/912 1115/1701/911
f 1110/1702/913 1114/1698/911 1115/1701/911 1112/1703/913
f 1120/1704/914 1117/1705/915 1119/1706/915 1121/1707/914
f 1116/1708/916 1120/1704/914 1121/1707/914 1118/1709/916
f 1126/1710/917 1123/1711/918 1125/1712/918 1127/1713/917
f 1122/1714/919 1126/1710/917 1127/1713/917 1124/1715/919
f 1132/1716/920 1129/1717/921 1131/1718/921 1133/1719/920
f 1128/1720/922 1132/1716/920 1133/1719/920 1130/1721/922
f 1138/1722/923 1135/1723/924 1137/1724/924 1139/1725/923
f 1134/1726/925 1138/1722/923 1139/1725/923 1136/1727/925
f 1144/1728/926 1141/1729/927 1143/1730/927 1145/1731/926
f 1140/1732/928 1144/1728/926 1145/1731/926 1142/1733/928
f 1157/1734/929 1150/1735/930 1153/1736/931 1156/1737/932
f 1163/1738/933 1152/1739/934 1151/1740/935 1162/1741/936
f 1156/1742/932 1153/1743/931 1152/1744/934 1163/1745/933
f 1162/1746/936 1151/1747/935 1150/1748/930 1157/1749/929
f 1169/1750/937 1160/1751/938 1159/1752/939 1166/1753/940
f 1160/1751/938 1161/1754/941 1158/1755/942 1159/1752/939
f 1161/1754/941 1162/1746/936 1157/1749/929 1158/1755/942
f 1168/1756/943 1154/1757/944 1165/1758/945 1167/1759/946
f 1154/1757/944 1155/1760/947 1164/1761/948 1165/1758/945
f 1155/1760/947 1156/1742/932 1163/1745/933 1164/1761/948
f 1167/1762/946 1165/1763/945 1160/1764/938 1169/1765/937
f 1165/1763/945 1164/1766/948 1161/1767/941 1160/1764/938
f 1164/1766/948 1163/1738/933 1162/1741/936 1161/1767/941
f 1166/1768/940 1159/1769/939 1154/1770/944 1168/1771/943
f 1159/1769/939 1158/1772/942 1155/1773/947 1154/1770/944
f 1158/1772/942 1157/1734/929 1156/1737/932 1155/1773/947
f 1146/1774/949 1166/1768/940 1168/1771/943 1149/1775/950
f 1148/1776/951 1167/1762/946 1169/1765/937 1147/1777/952
f 1149/1778/950 1168/1756/943 1167/1759/946 1148/1779/951
f 1147/1780/952 1169/1750/937 1166/1753/940 1146/1781/949
f 1153/1743/931 1173/1782/953 1172/1783/954 1152/1744/934
f 1151/1747/935 1171/1784/955 1170/1785/956 1150/1748/930
f 1150/1735/930 1170/1786/956 1173/1787/953 1153/1736/931
f 1152/1739/934 1172/1788/954 1171/1789/955 1151/1740/935
f 1170/1786/956 1174/1790/957 1173/1787/953
f 1172/1788/954 1174/1791/957 1171/1789/955
f 1173/1782/953 1174/1792/957 1172/1783/954
f 1171/1784/955 1174/1793/957 1170/1785/956
f 1179/1794/958 1176/1795/959 1178/1796/959 1180/1797/958
f 1175/1798/960 1179/1794/958 1180/1797/958 1177/1799/960
f 1185/1800/961 1182/1801/962 1184/1802/962 1186/1803/961
f 1181/1804/963 1185/1800/961 1186/1803/961 1183/1805/963
f 1191/1806/964 1188/1807/965 1190/1808/965 1192/1809/964
f 1187/1810/966 1191/1806/964 1192/1809/964 1189/1811/966
f 1197/1812/967 1194/1813/968 1196/1814/968 1198/1815/967
f 1193/1816/969 1197/1812/967 1198/1815/967 1195/1817/969
f 1203/1818/970 1200/1819/971 1202/1820/971 1204/1821/970
f 1199/1822/972 1203/1818/970 1204/1821/970 1201/1823/972
f 1209/1824/973 1206/1825/974 1208/1826/974 1210/1827/973
f 1205/1828/975 1209/1824/973 1210/1827/973 1207/1829/975
f 1222/1830/976 1215/1831/977 1218/1832/978 1221/1833/979
f 1228/1834/980 1217/1835/981 1216/1836/982 1227/1837/983
f 1221/1838/979 1218/1839/978 1217/1840/981 1228/1841/980
f 1227/1842/983 1216/1843/982 1215/1844/977 1222/1845/976
f 1234/1846/984 1225/1847/985 1224/1848/986 1231/1849/987
f 1225/1847/985 1226/1850/988 1223/1851/989 1224/1848/986
f 1226/1850/988 1227/1842/983 1222/1845/976 1223/1851/989
f 1233/1852/990 1219/1853/991 1230/1854/992 1232/1855/993
f 1219/1853/991 1220/1856/994 1229/1857/995 1230/1854/992
f 1220/1856/994 1221/1838/979 1228/1841/980 1229/1857/995
f 1232/1858/993 1230/1859/992 1225/1860/985 1234/1861/984
f 1230/1859/992 1229/1862/995 1226/1863/988 1225/1860/985
f 1229/1862/995 1228/1834/980 1227/1837/983 1226/1863/988
f 1231/1864/987 1224/1865/986 1219/1866/991 1233/1867/990
f 1224/1865/986 1223/1868/989 1220/1869/994 1219/1866/991
f 1223/1868/989 1222/1830/976 1221/1833/979 1220/1869/994
f 1211/1870/996 1231/1864/987 1233/1867/990 1214/1871/997
f 1213/1872/998 1232/1858/993 1234/1861/984 1212/1873/999
f 1214/1874/997 1233/1852/990 1232/1855/993 1213/1875/998
f 1212/1876/999 1234/1846/984 1231/1849/987 1211/1877/996
f 1218/1839/978 1238/1878/1000 1237/1879/1001 1217/1840/981
f 1216/1843/982 1236/1880/1002 1235/1881/1003 1215/1844/977
f 1215/1831/977 1235/1882/1003 1238/1883/1000 1218/1832/978
f 1217/1835/981 1237/1884/1001 1236/1885/1002 1216/1836/982
f 1235/1882/1003 1239/1886/1004 1238/1883/1000
f 1237/1884/1001 1239/1887/1004 1236/1885/1002
f 1238/1878/1000 1239/1888/1004 1237/1879/1001
f 1236/1880/1002 1239/1889/1004 1235/1881/1003
f 1244/1890/1005 1241/1891/1006 1243/1892/1006 1245/1893/1005
f 1240/1894/1007 1244/1890/1005 1245/1893/1005 1242/1895/1007
f 1250/1896/1008 1247/1897/1009 1249/1898/1009 1251/1899/1008
f 1246/1900/1010 1250/1896/1008 1251/1899/1008 1248/1901/1010
f 1256/1902/1011 1253/1903/1012 1255/1904/1012 1257/1905/1011
f 1252/1906/1013 1256/1902/1011 1257/1905/1011 1254/1907/1013
f 1262/1908/1014 1259/1909/1015 1261/1910/1015 1263/1911/1014
f 1258/1912/1016 1262/1908/1014 1263/1911/1014 1260/1913/1016
f 1268/1914/1017 1265/1915/1018 1267/1916/1018 1269/1917/1017
f 1264/1918/1019 1268/1914/1017 1269/1917/1017 1266/1919/1019
f 1274/1920/1020 1271/1921/1021 1273/1922/1021 1275/1923/1020
f 1270/1924/1022 1274/1920/1020 1275/1923/1020 1272/1925/1022
f 1287/1926/1023 1280/1927/1024 1283/1928/1025 1286/1929/1026
f 1293/1930/1027 1282/1931/1028 1281/1932/1029 1292/1933/1030
f 1286/1934/1026 1283/1935/1025 1282/1936/1028 1293/1937/1027
f 1292/1938/1030 1281/1939/1029 1280/1940/1024 1287/1941/1023
f 1299/1942/1031 1290/1943/1032 1289/1944/1033 1296/1945/1034
f 1290/1943/1032 1291/1946/1035 1288/1947/1036 1289/1944/1033
f 1291/1946/1035 1292/1938/1030 1287/1941/1023 1288/1947/1036
f 1298/1948/1037 1284/1949/1038 1295/1950/1039 1297/1951/1040
f 1284/1949/1038 1285/1952/1041 1294/1953/1042 1295/1950/1039
f 1285/1952/1041 1286/1934/1026 1293/1937/1027 1294/1953/1042
f 1297/1954/1040 1295/1955/1039 1290/1956/1032 1299/1957/1031
f 1295/1955/1039 1294/1958/1042 1291/1959/1035 1290/1956/1032
f 1294/1958/1042 1293/1930/1027 1292/1933/1030 1291/1959/1035
f 1296/1960/1034 1289/1961/1033 1284/1962/1038 1298/1963/1037
f 1289/1961/1033 1288/1964/1036 1285/1965/1041 1284/1962/1038
f 1288/1964/1036 1287/1926/1023 1286/1929/1026 1285/1965/1041
f 1276/1966/1043 1296/1960/1034 1298/1963/1037 1279/1967/1044
f 1278/1968/1045 1297/1954/1040 1299/1957/1031 1277/1969/1046
f 1279/1970/1044 1298/1948/1037 1297/1951/1040 1278/1971/1045
f 1277/1972/1046 1299/1942/1031 1296/1945/1034 1276/1973/1043
f 1283/1935/1025 1303/1974/1047 1302/1975/1048 1282/1936/1028
f 1281/1939/1029 1301/1976/1049 1300/1977/1050 1280/1940/1024
f 1280/1927/1024 1300/1978/1050 1303/1979/1047 1283/1928/1025
f 1282/1931/1028 1302/1980/1048 1301/1981/1049 1281/1932/1029
f 1300/1978/1050 1304/1982/1051 1303/1979/1047
f 1302/1980/1048 1304/1983/1051 1301/1981/1049
f 1303/1974/1047 1304/1984/1051 1302/1975/1048
f 1301/1976/1049 1304/1985/1051 1300/1977/1050
f 1309/1986/1052 1306/1987/1053 1308/1988/1053 1310/1989/1052
f 1305/1990/1054 1309/1986/1052 1310/1989/1052 1307/1991/1054
f 1315/1992/1055 1312/1993/1056 1314/1994/1056 1316/1995/1055
f 1311/1996/1057 1315/1992/1055 1316/1995/1055 1313/1997/1057
f 1321/1998/1058 1318/1999/1059 1320/2000/1059 1322/2001/1058
f 1317/2002/1060 1321/1998/1058 1322/2001/1058 1319/2003/1060
f 1327/2004/1061 1324/2005/1062 1326/2006/1062 1328/2007/1061
f 1323/2008/1063 1327/2004/1061 1328/2007/1061 1325/2009/1063
f 1333/2010/1064 1330/2011/1065 1332/2012/1065 1334/2013/1064
f 1329/2014/1066 1333/2010/1064 1334/2013/1064 1331/2015/1066
f 1346/2016/1067 1339/2017/1068 1342/2018/1069 1345/2019/1070
f 1352/2020/1071 1341/2021/1072 1340/2022/1073 1351/2023/1074
f 1345/2024/1070 1342/2025/1069 1341/2026/1072 1352/2027/1071
f 1351/2028/1074 1340/2029/1073 1339/2030/1068 1346/2031/1067
f 1358/2032/1075 1349/2033/1076 1348/2034/1077 1355/2035/1078
f 1349/2033/1076 1350/2036/1079 1347/2037/1080 1348/2034/1077
f 1350/2036/1079 1351/2028/1074 1346/2031/1067 1347/2037/1080
f 1357/2038/1081 1343/2039/1082 1354/2040/1083 1356/2041/1084
f 1343/2039/1082 1344/2042/1085 1353/2043/1086 1354/2040/1083
f 1344/2042/1085 1345/2024/1070 1352/2027/1071 1353/2043/1086
f 1356/2044/1084 1354/2045/1083 1349/2046/1076 1358/2047/1075
f 1354/2045/1083 1353/2048/1086 1350/2049/1079 1349/2046/1076
f 1353/2048/1086 1352/2020/1071 1351/2023/1074 1350/2049/1079
f 1355/2050/1078 1348/2051/1077 1343/2052/1082 1357/2053/1081
f 1348/2051/1077 1347/2054/1080 1344/2055/1085 1343/2052/1082
f 1347/2054/1080 1346/2016/1067 1345/2019/1070 1344/2055/1085
f 1335/2056/1087 1355/2050/1078 1357/2053/1081 1338/2057/1088
f 1337/2058/1089 1356/2044/1084 1358/2047/1075 1336/2059/1090
f 1338/2060/1088 1357/2038/1081 1356/2041/1084 1337/2061/1089
f 1336/2062/1090 1358/2032/1075 1355/2035/1078 1335/2063/1087
f 1342/2025/1069 1362/2064/1091 1361/2065/1092 1341/2026/1072
f 1340/2029/1073 1360/2066/1093 1359/2067/1094 1339/2030/1068
f 1339/2017/1068 1359/2068/1094 1362/2069/1091 1342/2018/1069
f 1341/2021/1072 1361/2070/1092 1360/2071/1093 1340/2022/1073
f 1359/2068/1094 1363/2072/1095 1362/2069/1091
f 1361/2070/1092 1363/2073/1095 1360/2071/1093
f 1362/2064/1091 1363/2074/1095 1361/2065/1092
f 1360/2066/1093 1363/2075/1095 1359/2067/1094
f 1368/2076/1096 1365/2077/1097 1367/2078/1097 1369/2079/1096
f 1364/2080/1098 1368/2076/1096 1369/2079/1096 1366/2081/1098
f 1374/2082/1099 1371/2083/1100 1373/2084/1100 1375/2085/1099
f 1370/2086/1101 1374/2082/1099 1375/2085/1099 1372/2087/1101
f 1380/2088/1102 1377/2089/1103 1379/2090/1103 1381/2091/1102
f 1376/2092/1104 1380/2088/1102 1381/2091/1102 1378/2093/1104
f 1386/2094/1105 1383/2095/1106 1385/2096/1106 1387/2097/1105
f 1382/2098/1107 1386/2094/1105 1387/2097/1105 1384/2099/1107
f 1392/2100/1108 1389/2101/1109 1391/2102/1109 1393/2103/1108
f 1388/2104/1110 1392/2100/1108 1393/2103/1108 1390/2105/1110
f 1398/2106/1111 1395/2107/1112 1397/2108/1112 1399/2109/1111
f 1394/2110/1113 1398/2106/1111 1399/2109/1111 1396/2111/1113
o Tents
v 1.683224 2.791996 15.547568
v 1.635613 2.789716 15.590480
v 1.696499 2.783970 15.609799
v 1.568252 0.786584 15.313437
v 1.520641 0.784304 15.356347
v 1.581527 0.778558 15.375667
v 1.981343 2.539890 14.533081
v 1.169261 2.578455 14.601533
v 0.639873 2.536492 15.220920
v 0.703289 2.438581 16.028412
v 1.322360 2.342078 16.550991
v 2.134443 2.303512 16.482538
v 2.663830 2.345476 15.863153
v 2.600414 2.443386 15.055660
v 1.672882 2.807809 15.584863
v 1.946479 2.448719 14.524764
v 1.193510 2.484477 14.588234
v 0.636874 2.440353 15.239501
v 0.695674 2.349570 15.988214
v 1.346610 2.248100 16.537691
v 2.099578 2.212342 16.474222
v 2.656214 2.256465 15.822954
v 2.597415 2.347248 15.074243
v 1.999171 2.444576 14.541861
v 1.144261 2.485176 14.613924
v 0.654357 2.446342 15.187114
v 0.721117 2.343268 16.037191
v 1.294016 2.253962 16.520796
v 2.148926 2.213363 16.448732
v 2.638830 2.252196 15.875543
v 2.572070 2.355271 15.025465
v -3.367889 2.810297 -5.623856
v -3.403155 2.817097 -5.570721
v -3.339142 2.818828 -5.567163
v -3.329412 0.808092 -5.342058
v -3.364680 0.814893 -5.288921
v -3.300666 0.816624 -5.285362
v -3.300832 2.321253 -6.592339
v -4.071490 2.344005 -6.325466
v -4.427355 2.439616 -5.597544
v -4.159965 2.552081 -4.834978
v -3.425954 2.615519 -4.484470
v -2.655297 2.592768 -4.751343
v -2.299433 2.497155 -5.479263
v -2.566822 2.384691 -6.241833
v -3.370431 2.834625 -5.589951
v -3.327105 2.229655 -6.569618
v -4.041665 2.250750 -6.322172
v -4.415845 2.351283 -5.556782
v -4.167921 2.455562 -4.849726
v -3.396130 2.522264 -4.481176
v -2.681570 2.501169 -4.728621
v -2.307389 2.400636 -5.494009
v -2.555315 2.296358 -6.201065
v -3.271701 2.232051 -6.566381
v -4.083001 2.256002 -6.285435
v -4.412324 2.344483 -5.611803
v -4.130833 2.462879 -4.809019
v -3.451567 2.521585 -4.484653
v -2.640266 2.497634 -4.765600
v -2.310943 2.409153 -5.439232
v -2.592434 2.290757 -6.242012
v -8.312221 2.611825 10.900241
v -8.354177 2.599837 10.947245
v -8.291614 2.604565 10.960541
v -8.095584 0.625694 10.587083
v -8.137542 0.613707 10.634086
v -8.074977 0.618434 10.647382
v -8.076911 2.445874 9.852049
v -8.872214 2.336214 9.997365
v -9.321656 2.182596 10.660730
v -9.161959 2.075008 11.453557
v -8.486670 2.076473 11.911415
v -7.691365 2.186133 11.766099
v -7.241924 2.339751 11.102733
v -7.401622 2.447339 10.309906
v -8.321417 2.624472 10.939014
v -8.095856 2.350198 9.842882
v -8.833268 2.248521 9.977619
v -9.305843 2.086996 10.675131
v -9.157770 1.987240 11.410245
v -8.447721 1.988780 11.891670
v -7.710311 2.090458 11.756931
v -7.237736 2.251983 11.059420
v -7.385808 2.351739 10.324306
v -8.041821 2.355096 9.854801
v -8.879067 2.239653 10.007782
v -9.294988 2.097492 10.621672
v -9.126869 1.984230 11.456309
v -8.501945 1.985586 11.880019
v -7.664698 2.101029 11.727039
v -7.248776 2.243190 11.113149
v -7.416896 2.356452 10.278511
v -9.232012 2.834740 8.573682
v -9.287720 2.832763 8.605400
v -9.232485 2.836380 8.637794
v -9.130525 0.815664 8.626088
v -9.186234 0.813687 8.657805
v -9.131000 0.817304 8.690200
v -8.694018 2.487913 7.695107
v -9.501084 2.444455 7.583724
v -10.151198 2.424562 8.076277
v -10.263531 2.439887 8.884235
v -9.772280 2.481452 9.534309
v -8.965214 2.524909 9.645693
v -8.315101 2.544802 9.153139
v -8.202767 2.529478 8.345181
v -9.251713 2.854007 8.605122
v -8.718707 2.393126 7.693473
v -9.467026 2.352832 7.590197
v -10.150602 2.331915 8.108103
v -10.254758 2.346124 8.857247
v -9.738220 2.389829 9.540783
v -8.989903 2.430122 9.644058
v -8.306326 2.451039 9.126152
v -8.202171 2.436830 8.377007
v -8.671057 2.397123 7.721746
v -9.520688 2.351374 7.604488
v -10.122313 2.332965 8.060305
v -10.240570 2.349098 8.910873
v -9.785957 2.387563 9.512464
v -8.936329 2.433312 9.629722
v -8.334702 2.451721 9.173904
v -8.216445 2.435588 8.323336
v 9.783434 2.745812 7.073344
v 9.735660 2.751116 7.115801
v 9.796318 2.746741 7.136164
v 9.616669 0.731412 7.137312
v 9.568892 0.736715 7.179771
v 9.629551 0.732340 7.200134
v 10.077733 2.338952 6.109253
v 9.266748 2.407888 6.165830
v 8.734686 2.471474 6.781067
v 8.793221 2.492461 7.594568
v 9.408067 2.458557 8.129795
v 10.219052 2.389621 8.073218
v 10.751115 2.326035 7.457980
v 10.692579 2.305048 6.644478
v 9.773405 2.767224 7.107823
v 10.040518 2.248472 6.114264
v 9.288567 2.312390 6.166723
v 8.729118 2.379248 6.813628
v 8.783393 2.398708 7.567914
v 9.429886 2.363058 8.130690
v 10.181837 2.299140 8.078230
v 10.741286 2.232282 7.431325
v 10.687010 2.212822 6.677040
v 10.093036 2.245563 6.132137
v 9.239279 2.318134 6.191698
v 8.746901 2.376977 6.761049
v 8.808523 2.399072 7.617453
v 9.377512 2.367696 8.112761
v 10.231267 2.295124 8.053200
v 10.723647 2.236281 7.483849
v 10.662023 2.214186 6.627445
v 10.896529 4.820343 -4.009264
v 10.848754 4.825646 -3.966805
v 10.909412 4.821271 -3.946444
v 10.729763 2.805942 -3.945295
v 10.681987 2.811245 -3.902836
v 10.742646 2.806870 -3.882475
v 11.190828 4.413483 -4.973354
v 10.379843 4.482419 -4.916780
v 9.847780 4.546004 -4.301538
v 9.906317 4.566992 -3.488039
v 10.521162 4.533087 -2.952814
v 11.332148 4.464151 -3.009390
v 11.864209 4.400566 -3.624628
v 11.805673 4.379578 -4.438129
v 10.886499 4.841755 -3.974785
v 11.153613 4.323002 -4.968344
v 10.401662 4.386920 -4.915886
v 9.842213 4.453778 -4.268978
v 9.896487 4.473238 -3.514694
v 10.542981 4.437589 -2.951920
v 11.294932 4.373671 -3.004377
v 11.854382 4.306812 -3.651283
v 11.800105 4.287353 -4.405567
v 11.206130 4.320093 -4.950470
v 10.352375 4.392664 -4.890909
v 9.859995 4.451508 -4.321558
v 9.921618 4.473602 -3.465155
v 10.490606 4.442226 -2.969847
v 11.344362 4.369655 -3.029404
v 11.836741 4.310812 -3.598759
v 11.775118 4.288717 -4.455164
v 4.965557 4.909171 7.157039
v 4.917782 4.914474 7.199497
v 4.978441 4.910099 7.219859
v 4.798791 2.894770 7.221008
v 4.751015 2.900074 7.263466
v 4.811674 2.895699 7.283829
v 5.259856 4.502311 6.192946
v 4.448871 4.571247 6.249524
v 3.916808 4.634832 6.864763
v 3.975345 4.655820 7.678264
v 4.590190 4.621916 8.213490
v 5.401175 4.552979 8.156914
v 5.933238 4.489394 7.541675
v 5.874701 4.468407 6.728173
v 4.955527 4.930583 7.191518
v 5.222641 4.411831 6.197959
v 4.470689 4.475749 6.250419
v 3.911240 4.542607 6.897323
v 3.965516 4.562067 7.651608
v 4.612008 4.526417 8.214384
v 5.363960 4.462500 8.161925
v 5.923409 4.395641 7.515019
v 5.869133 4.376181 6.760735
v 5.275158 4.408921 6.215833
v 4.421402 4.481493 6.275393
v 3.929023 4.540336 6.844745
v 3.990646 4.562430 7.701149
v 4.559634 4.531054 8.196456
v 5.413390 4.458483 8.136896
v 5.905769 4.399640 7.567543
v 5.844146 4.377545 6.711140
vn 0.6676 -0.1240 0.7341
vn 0.3091 0.0928 -0.9465
vn -0.9767 0.0312 0.2124
vn -0.0947 0.9791 -0.1799
vn -0.2575 0.9662 0.0106
vn 0.0569 0.9916 0.1158
vn -0.2380 0.9361 0.2590
vn -0.0476 0.9064 0.4197
vn 0.2021 0.8946 0.3986
vn 0.3649 0.9075 0.2081
vn 0.3454 0.9376 -0.0402
vn 0.1550 0.9673 -0.2009
vn 0.9954 -0.0473 -0.0839
vn 0.0777 -0.1200 0.9897
vn -0.9954 0.0473 0.0839
vn -0.0777 0.1200 -0.9897
vn -0.6489 -0.0514 0.7592
vn -0.7588 0.1183 -0.6405
vn 0.6489 0.0514 -0.7592
vn 0.7588 -0.1183 0.6405
vn 0.8350 0.0924 0.5424
vn 0.0587 -0.1380 -0.9887
vn -0.8937 0.0456 0.4463
vn -0.2357 0.8971 -0.3737
vn -0.3452 0.9265 -0.1498
vn -0.0190 0.9901 -0.1393
vn -0.2630 0.9611 0.0847
vn -0.0372 0.9806 0.1925
vn 0.1998 0.9736 0.1104
vn 0.3092 0.9442 -0.1135
vn 0.2270 0.9096 -0.3480
vn 0.0013 0.8901 -0.4558
vn 0.9446 -0.0279 -0.3271
vn 0.3277 0.1378 0.9347
vn -0.9446 0.0279 0.3271
vn -0.3277 -0.1378 -0.9347
vn -0.4362 0.1172 0.8922
vn -0.8997 -0.0777 -0.4296
vn 0.4362 -0.1172 -0.8922
vn 0.8997 0.0778 0.4296
vn 0.7487 -0.0228 0.6625
vn 0.1922 0.1733 -0.9659
vn -0.9409 -0.1505 0.3034
vn -0.2828 0.9509 -0.1257
vn -0.4210 0.9037 0.0783
vn -0.1071 0.9821 0.1549
vn -0.3719 0.8706 0.3222
vn -0.1642 0.8710 0.4630
vn 0.0804 0.9048 0.4183
vn 0.2186 0.9520 0.2143
vn 0.1695 0.9851 -0.0296
vn -0.0382 0.9846 -0.1704
vn 0.9748 0.1344 -0.1781
vn 0.1957 -0.1319 0.9717
vn -0.9748 -0.1344 0.1781
vn -0.1957 0.1319 -0.9717
vn -0.5509 -0.1883 0.8131
vn -0.8277 -0.0018 -0.5612
vn 0.5509 0.1883 -0.8131
vn 0.8277 0.0018 0.5612
vn 0.4930 0.0473 0.8688
vn 0.5058 0.0030 -0.8627
vn -0.9987 -0.0504 -0.0061
vn -0.1298 0.9309 -0.3416
vn -0.3297 0.9247 -0.1901
vn -0.0502 0.9984 -0.0259
vn -0.3643 0.9294 0.0584
vn -0.2132 0.9422 0.2583
vn 0.0350 0.9556 0.2926
vn 0.2349 0.9617 0.1411
vn 0.2695 0.9570 -0.1074
vn 0.1184 0.9442 -0.3073
vn 0.9892 0.0533 0.1365
vn -0.1377 0.0188 0.9903
vn -0.9892 -0.0533 -0.1365
vn 0.1377 -0.0188 -0.9903
vn -0.7968 -0.0244 0.6037
vn -0.6021 -0.0509 -0.7968
vn 0.7968 0.0244 -0.6037
vn 0.6021 0.0510 0.7968
vn 0.6620 -0.0310 0.7488
vn 0.3141 -0.0561 -0.9477
vn -0.9761 0.0871 0.1989
vn -0.0685 0.9439 -0.3232
vn -0.2322 0.9634 -0.1340
vn 0.0825 0.9961 -0.0316
vn -0.2142 0.9699 0.1162
vn -0.0251 0.9594 0.2808
vn 0.2243 0.9382 0.2634
vn 0.3880 0.9187 0.0742
vn 0.3700 0.9122 -0.1760
vn 0.1809 0.9227 -0.3406
vn 0.9940 -0.0845 -0.0693
vn 0.0717 0.0257 0.9971
vn -0.9940 0.0845 0.0693
vn -0.0717 -0.0257 -0.9971
vn -0.6521 0.0779 0.7541
vn -0.7536 0.0416 -0.6560
vn 0.6521 -0.0779 -0.7541
vn 0.7536 -0.0416 0.6560
vn 0.1809 0.9226 -0.3406
vn 0.0717 0.0258 0.9971
vt 0.064141 0.306003
vt 0.064141 0.603489
vt 0.073575 0.603492
vt 0.073575 0.306006
vt 0.894611 0.606504
vt 0.894611 0.902553
vt 0.904022 0.902486
vt 0.904022 0.606436
vt 0.260581 0.613146
vt 0.260581 0.909011
vt 0.269984 0.908928
vt 0.269984 0.613063
vt 0.288338 0.089376
vt 0.288338 0.209337
vt 0.135193 0.148586
vt 0.205401 0.294782
vt 0.088109 0.295660
vt 0.005172 0.211455
vt 0.005172 0.091494
vt 0.088109 0.006049
vt 0.205401 0.005172
vt 0.755874 0.906700
vt 0.755874 0.988036
vt 0.742307 0.986646
vt 0.742307 0.911231
vt 0.979730 0.324426
vt 0.979730 0.235252
vt 0.993325 0.239801
vt 0.993325 0.322485
vt 0.018904 0.744155
vt 0.018904 0.862805
vt 0.005172 0.858519
vt 0.005172 0.748506
vt 0.957503 0.456182
vt 0.957503 0.348738
vt 0.971152 0.353328
vt 0.971152 0.452951
vt 0.962367 0.703185
vt 0.962367 0.606436
vt 0.975971 0.610200
vt 0.975971 0.699733
vt 0.921301 0.262800
vt 0.921301 0.333870
vt 0.907699 0.331508
vt 0.907699 0.265739
vt 0.945270 0.005172
vt 0.945270 0.119140
vt 0.931738 0.115337
vt 0.931738 0.009869
vt 0.121365 0.744093
vt 0.121365 0.863994
vt 0.107834 0.859589
vt 0.107834 0.748631
vt 0.024840 0.306004
vt 0.024840 0.603526
vt 0.034022 0.603525
vt 0.034023 0.306003
vt 0.241293 0.613063
vt 0.241293 0.908787
vt 0.250238 0.909117
vt 0.250238 0.613392
vt 0.202429 0.613723
vt 0.202429 0.908933
vt 0.211735 0.908739
vt 0.211735 0.613529
vt 0.500427 0.295528
vt 0.382248 0.294760
vt 0.450860 0.148389
vt 0.298682 0.209398
vt 0.298682 0.089447
vt 0.382248 0.005172
vt 0.500428 0.005940
vt 0.583994 0.091302
vt 0.583994 0.211253
vt 0.931738 0.337053
vt 0.931738 0.257590
vt 0.945282 0.262189
vt 0.945282 0.335867
vt 0.957656 0.583773
vt 0.957656 0.477552
vt 0.971254 0.480519
vt 0.971254 0.579007
vt 0.058100 0.744132
vt 0.058100 0.863547
vt 0.044366 0.859200
vt 0.044366 0.748478
vt 0.979730 0.224908
vt 0.979730 0.133986
vt 0.993319 0.135996
vt 0.993319 0.220300
vt 0.779824 0.906700
vt 0.779824 0.982544
vt 0.766217 0.979704
vt 0.766217 0.909516
vt 0.993279 0.005172
vt 0.993279 0.098205
vt 0.979672 0.094744
vt 0.979672 0.008649
vt 0.083918 0.863872
vt 0.083918 0.744121
vt 0.097442 0.748689
vt 0.097442 0.859508
vt 0.914365 0.848245
vt 0.914365 0.733379
vt 0.927857 0.738176
vt 0.927857 0.844475
vt 0.143135 0.613563
vt 0.143622 0.907590
vt 0.153012 0.907716
vt 0.152525 0.613689
vt 0.163355 0.613877
vt 0.163355 0.905625
vt 0.172654 0.905311
vt 0.172654 0.613563
vt 0.044366 0.306003
vt 0.044366 0.603501
vt 0.053798 0.603504
vt 0.053798 0.306006
vt 0.884268 0.811588
vt 0.800388 0.896356
vt 0.732764 0.751829
vt 0.681765 0.896209
vt 0.597886 0.811232
vt 0.597885 0.691204
vt 0.681765 0.606436
vt 0.800388 0.606584
vt 0.884268 0.691560
vt 0.803898 0.906700
vt 0.803898 0.977193
vt 0.790167 0.974866
vt 0.790167 0.909505
vt 0.975991 0.855575
vt 0.975991 0.952738
vt 0.962259 0.949075
vt 0.962259 0.858985
vt 0.083918 0.733778
vt 0.083918 0.613808
vt 0.097491 0.618242
vt 0.097491 0.729479
vt 0.914365 0.960862
vt 0.914365 0.858588
vt 0.927731 0.863965
vt 0.927731 0.958794
vt 0.994807 0.348738
vt 0.994807 0.437227
vt 0.981495 0.435832
vt 0.981495 0.353944
vt 0.955671 0.335717
vt 0.955671 0.252567
vt 0.968942 0.257833
vt 0.968942 0.334781
vt 0.909897 0.465931
vt 0.909897 0.348738
vt 0.923226 0.352518
vt 0.923226 0.460970
vt 0.899464 0.477552
vt 0.899464 0.596093
vt 0.885858 0.591700
vt 0.885858 0.482000
vt 0.202429 0.306129
vt 0.202429 0.603186
vt 0.211592 0.603060
vt 0.211592 0.306003
vt 0.005172 0.306003
vt 0.005172 0.603517
vt 0.014497 0.603527
vt 0.014497 0.306013
vt 0.221936 0.306003
vt 0.221936 0.602801
vt 0.230950 0.602996
vt 0.230949 0.306197
vt 0.502937 0.896364
vt 0.383287 0.896135
vt 0.447449 0.750101
vt 0.298682 0.811122
vt 0.298682 0.691125
vt 0.383287 0.606436
vt 0.502937 0.606665
vt 0.587542 0.691678
vt 0.587542 0.811675
vt 0.044366 0.971964
vt 0.044366 0.873890
vt 0.058050 0.878135
vt 0.058050 0.969070
vt 0.312317 0.906708
vt 0.312317 0.976415
vt 0.298681 0.975219
vt 0.298681 0.910587
vt 0.951909 0.733379
vt 0.951909 0.845231
vt 0.938200 0.840861
vt 0.938200 0.737151
vt 0.914365 0.723036
vt 0.914365 0.606436
vt 0.928099 0.610704
vt 0.928099 0.718817
vt 0.952024 0.606436
vt 0.952024 0.716385
vt 0.938443 0.712618
vt 0.938443 0.610869
vt 0.322660 0.969011
vt 0.322660 0.906708
vt 0.336265 0.909194
vt 0.336265 0.966850
vt 0.005172 0.975748
vt 0.005172 0.873148
vt 0.018778 0.876914
vt 0.018778 0.971861
vt 0.909807 0.595879
vt 0.909807 0.477552
vt 0.923380 0.481803
vt 0.923380 0.591305
vt 0.241293 0.306003
vt 0.241293 0.602698
vt 0.250724 0.602720
vt 0.250724 0.306025
vt 0.162900 0.306003
vt 0.162900 0.603196
vt 0.172321 0.603220
vt 0.172321 0.306027
vt 0.083918 0.306023
vt 0.083918 0.603465
vt 0.093314 0.603445
vt 0.093314 0.306003
vt 0.677297 0.295393
vt 0.594337 0.210884
vt 0.747454 0.151320
vt 0.594337 0.090875
vt 0.677297 0.005666
vt 0.794621 0.005172
vt 0.877582 0.089681
vt 0.877582 0.209690
vt 0.794621 0.294899
vt 0.670098 0.988240
vt 0.670098 0.906700
vt 0.683824 0.909323
vt 0.683824 0.984928
vt 0.621956 0.994828
vt 0.621956 0.906699
vt 0.635684 0.910201
vt 0.635684 0.991915
vt 0.899553 0.348738
vt 0.899553 0.467209
vt 0.885858 0.463064
vt 0.885858 0.353217
vt 0.938200 0.963813
vt 0.938200 0.855575
vt 0.951916 0.859205
vt 0.951916 0.959564
vt 0.975802 0.733379
vt 0.975802 0.830965
vt 0.962253 0.826600
vt 0.962253 0.736292
vt 0.851578 0.906700
vt 0.851578 0.977160
vt 0.838081 0.975930
vt 0.838081 0.910725
vt 0.933723 0.590813
vt 0.933723 0.477552
vt 0.947313 0.482000
vt 0.947313 0.586814
vt 0.044366 0.733789
vt 0.044366 0.613848
vt 0.057969 0.618308
vt 0.057969 0.729304
vt 0.887925 0.005172
vt 0.887925 0.301867
vt 0.897356 0.301888
vt 0.897356 0.005193
vt 0.182665 0.306003
vt 0.182665 0.603196
vt 0.192086 0.603220
vt 0.192086 0.306027
vt 0.123396 0.306023
vt 0.123396 0.603465
vt 0.132792 0.603445
vt 0.132792 0.306003
vt 0.381642 0.596093
vt 0.298681 0.511583
vt 0.451798 0.452020
vt 0.298681 0.391574
vt 0.381642 0.306366
vt 0.498966 0.305871
vt 0.581927 0.390381
vt 0.581927 0.510390
vt 0.498966 0.595598
vt 0.718237 0.988239
vt 0.718237 0.906699
vt 0.731963 0.909323
vt 0.731963 0.984927
vt 0.646027 0.994828
vt 0.646027 0.906699
vt 0.659754 0.910201
vt 0.659754 0.991915
vt 0.921394 0.133986
vt 0.921394 0.252457
vt 0.907699 0.248312
vt 0.907699 0.138464
vt 0.955613 0.113410
vt 0.955613 0.005172
vt 0.969329 0.008802
vt 0.969329 0.109161
vt 0.121384 0.874337
vt 0.121384 0.971923
vt 0.107834 0.967557
vt 0.107834 0.877250
vt 0.827738 0.906700
vt 0.827738 0.977160
vt 0.814241 0.975930
vt 0.814241 0.910725
vt 0.933570 0.461999
vt 0.933570 0.348738
vt 0.947160 0.353186
vt 0.947160 0.458000
vt 0.107834 0.733749
vt 0.107834 0.613808
vt 0.121437 0.618268
vt 0.121437 0.729264
vt 0.261067 0.306003
vt 0.261067 0.602698
vt 0.270498 0.602720
vt 0.270498 0.306025
vt 0.143135 0.306003
vt 0.143135 0.603196
vt 0.152556 0.603220
vt 0.152556 0.306027
vt 0.103657 0.306023
vt 0.103657 0.603465
vt 0.113053 0.603445
vt 0.113053 0.306003
vt 0.675230 0.596093
vt 0.592270 0.511583
vt 0.745387 0.452020
vt 0.592270 0.391574
vt 0.675231 0.306366
vt 0.792555 0.305871
vt 0.875515 0.390381
vt 0.875515 0.510390
vt 0.792554 0.595598
vt 0.694167 0.988239
vt 0.694167 0.906699
vt 0.707894 0.909323
vt 0.707894 0.984927
vt 0.597885 0.994828
vt 0.597885 0.906700
vt 0.611613 0.910202
vt 0.611613 0.991915
vt 0.921394 0.005172
vt 0.921394 0.123643
vt 0.907699 0.119497
vt 0.907699 0.009650
vt 0.955671 0.242224
vt 0.955671 0.133986
vt 0.969387 0.137616
vt 0.969387 0.237975
vt 0.097468 0.874215
vt 0.097468 0.971801
vt 0.083918 0.967436
vt 0.083918 0.877128
vt 0.875418 0.906700
vt 0.875418 0.977160
vt 0.861921 0.975930
vt 0.861921 0.910725
vt 0.931738 0.247247
vt 0.931738 0.133986
vt 0.945328 0.138434
vt 0.945328 0.243248
vt 0.005172 0.733812
vt 0.005172 0.613871
vt 0.018775 0.618331
vt 0.018775 0.729327
s 1
usemtl Materiais.002
f 1402/2112/1114 1405/2113/1114 1403/2114/1115 1400/2115/1115
f 1401/2116/1116 1404/2117/1116 1405/2118/1114 1402/2119/1114
f 1400/2120/1115 1403/2121/1115 1404/2122/1116 1401/2123/1116
f 1407/2124/1117 1408/2125/1118 1414/2126/1119
f 1408/2125/1118 1409/2127/1120 1414/2126/1119
f 1409/2127/1120 1410/2128/1121 1414/2126/1119
f 1410/2128/1121 1411/2129/1122 1414/2126/1119
f 1411/2129/1122 1412/2130/1123 1414/2126/1119
f 1412/2130/1123 1413/2131/1124 1414/2126/1119
f 1413/2131/1124 1406/2132/1125 1414/2126/1119
f 1406/2132/1125 1407/2124/1117 1414/2126/1119
f 1413/2133/1126 1412/2134/1126 1421/2135/1126 1422/2136/1126
f 1411/2137/1127 1410/2138/1127 1419/2139/1127 1420/2140/1127
f 1409/2141/1128 1408/2142/1128 1417/2143/1128 1418/2144/1128
f 1407/2145/1129 1406/2146/1129 1415/2147/1129 1416/2148/1129
f 1410/2149/1130 1409/2150/1130 1426/2151/1130 1427/2152/1130
f 1408/2153/1131 1407/2154/1131 1424/2155/1131 1425/2156/1131
f 1406/2157/1132 1413/2158/1132 1430/2159/1132 1423/2160/1132
f 1412/2161/1133 1411/2162/1133 1428/2163/1133 1429/2164/1133
f 1433/2165/1134 1436/2166/1134 1434/2167/1135 1431/2168/1135
f 1432/2169/1136 1435/2170/1136 1436/2171/1134 1433/2172/1134
f 1431/2173/1135 1434/2174/1135 1435/2175/1136 1432/2176/1136
f 1438/2177/1137 1439/2178/1138 1445/2179/1139
f 1439/2178/1138 1440/2180/1140 1445/2179/1139
f 1440/2180/1140 1441/2181/1141 1445/2179/1139
f 1441/2181/1141 1442/2182/1142 1445/2179/1139
f 1442/2182/1142 1443/2183/1143 1445/2179/1139
f 1443/2183/1143 1444/2184/1144 1445/2179/1139
f 1444/2184/1144 1437/2185/1145 1445/2179/1139
f 1437/2185/1145 1438/2177/1137 1445/2179/1139
f 1444/2186/1146 1443/2187/1146 1452/2188/1146 1453/2189/1146
f 1442/2190/1147 1441/2191/1147 1450/2192/1147 1451/2193/1147
f 1440/2194/1148 1439/2195/1148 1448/2196/1148 1449/2197/1148
f 1438/2198/1149 1437/2199/1149 1446/2200/1149 1447/2201/1149
f 1441/2202/1150 1440/2203/1150 1457/2204/1150 1458/2205/1150
f 1439/2206/1151 1438/2207/1151 1455/2208/1151 1456/2209/1151
f 1437/2210/1152 1444/2211/1152 1461/2212/1152 1454/2213/1152
f 1443/2214/1153 1442/2215/1153 1459/2216/1153 1460/2217/1153
f 1464/2218/1154 1467/2219/1154 1465/2220/1155 1462/2221/1155
f 1463/2222/1156 1466/2223/1156 1467/2224/1154 1464/2225/1154
f 1462/2226/1155 1465/2227/1155 1466/2228/1156 1463/2229/1156
f 1469/2230/1157 1470/2231/1158 1476/2232/1159
f 1470/2231/1158 1471/2233/1160 1476/2232/1159
f 1471/2233/1160 1472/2234/1161 1476/2232/1159
f 1472/2234/1161 1473/2235/1162 1476/2232/1159
f 1473/2235/1162 1474/2236/1163 1476/2232/1159
f 1474/2236/1163 1475/2237/1164 1476/2232/1159
f 1475/2237/1164 1468/2238/1165 1476/2232/1159
f 1468/2238/1165 1469/2230/1157 1476/2232/1159
f 1475/2239/1166 1474/2240/1166 1483/2241/1166 1484/2242/1166
f 1473/2243/1167 1472/2244/1167 1481/2245/1167 1482/2246/1167
f 1471/2247/1168 1470/2248/1168 1479/2249/1168 1480/2250/1168
f 1469/2251/1169 1468/2252/1169 1477/2253/1169 1478/2254/1169
f 1472/2255/1170 1471/2256/1170 1488/2257/1170 1489/2258/1170
f 1470/2259/1171 1469/2260/1171 1486/2261/1171 1487/2262/1171
f 1468/2263/1172 1475/2264/1172 1492/2265/1172 1485/2266/1172
f 1474/2267/1173 1473/2268/1173 1490/2269/1173 1491/2270/1173
f 1495/2271/1174 1498/2272/1174 1496/2273/1175 1493/2274/1175
f 1494/2275/1176 1497/2276/1176 1498/2277/1174 1495/2278/1174
f 1493/2279/1175 1496/2280/1175 1497/2281/1176 1494/2282/1176
f 1500/2283/1177 1501/2284/1178 1507/2285/1179
f 1501/2284/1178 1502/2286/1180 1507/2285/1179
f 1502/2286/1180 1503/2287/1181 1507/2285/1179
f 1503/2287/1181 1504/2288/1182 1507/2285/1179
f 1504/2288/1182 1505/2289/1183 1507/2285/1179
f 1505/2289/1183 1506/2290/1184 1507/2285/1179
f 1506/2290/1184 1499/2291/1185 1507/2285/1179
f 1499/2291/1185 1500/2283/1177 1507/2285/1179
f 1506/2292/1186 1505/2293/1186 1514/2294/1186 1515/2295/1186
f 1504/2296/1187 1503/2297/1187 1512/2298/1187 1513/2299/1187
f 1502/2300/1188 1501/2301/1188 1510/2302/1188 1511/2303/1188
f 1500/2304/1189 1499/2305/1189 1508/2306/1189 1509/2307/1189
f 1503/2308/1190 1502/2309/1190 1519/2310/1190 1520/2311/1190
f 1501/2312/1191 1500/2313/1191 1517/2314/1191 1518/2315/1191
f 1499/2316/1192 1506/2317/1192 1523/2318/1192 1516/2319/1192
f 1505/2320/1193 1504/2321/1193 1521/2322/1193 1522/2323/1193
f 1526/2324/1194 1529/2325/1194 1527/2326/1195 1524/2327/1195
f 1525/2328/1196 1528/2329/1196 1529/2330/1194 1526/2331/1194
f 1524/2332/1195 1527/2333/1195 1528/2334/1196 1525/2335/1196
f 1531/2336/1197 1532/2337/1198 1538/2338/1199
f 1532/2337/1198 1533/2339/1200 1538/2338/1199
f 1533/2339/1200 1534/2340/1201 1538/2338/1199
f 1534/2340/1201 1535/2341/1202 1538/2338/1199
f 1535/2341/1202 1536/2342/1203 1538/2338/1199
f 1536/2342/1203 1537/2343/1204 1538/2338/1199
f 1537/2343/1204 1530/2344/1205 1538/2338/1199
f 1530/2344/1205 1531/2336/1197 1538/2338/1199
f 1537/2345/1206 1536/2346/1206 1545/2347/1206 1546/2348/1206
f 1535/2349/1207 1534/2350/1207 1543/2351/1207 1544/2352/1207
f 1533/2353/1208 1532/2354/1208 1541/2355/1208 1542/2356/1208
f 1531/2357/1209 1530/2358/1209 1539/2359/1209 1540/2360/1209
f 1534/2361/1210 1533/2362/1210 1550/2363/1210 1551/2364/1210
f 1532/2365/1211 1531/2366/1211 1548/2367/1211 1549/2368/1211
f 1530/2369/1212 1537/2370/1212 1554/2371/1212 1547/2372/1212
f 1536/2373/1213 1535/2374/1213 1552/2375/1213 1553/2376/1213
f 1557/2377/1194 1560/2378/1194 1558/2379/1195 1555/2380/1195
f 1556/2381/1196 1559/2382/1196 1560/2383/1194 1557/2384/1194
f 1555/2385/1195 1558/2386/1195 1559/2387/1196 1556/2388/1196
f 1562/2389/1197 1563/2390/1198 1569/2391/1199
f 1563/2390/1198 1564/2392/1200 1569/2391/1199
f 1564/2392/1200 1565/2393/1201 1569/2391/1199
f 1565/2393/1201 1566/2394/1202 1569/2391/1199
f 1566/2394/1202 1567/2395/1203 1569/2391/1199
f 1567/2395/1203 1568/2396/1204 1569/2391/1199
f 1568/2396/1204 1561/2397/1214 1569/2391/1199
f 1561/2397/1214 1562/2389/1197 1569/2391/1199
f 1568/2398/1206 1567/2399/1206 1576/2400/1206 1577/2401/1206
f 1566/2402/1215 1565/2403/1215 1574/2404/1215 1575/2405/1215
f 1564/2406/1208 1563/2407/1208 1572/2408/1208 1573/2409/1208
f 1562/2410/1209 1561/2411/1209 1570/2412/1209 1571/2413/1209
f 1565/2414/1210 1564/2415/1210 1581/2416/1210 1582/2417/1210
f 1563/2418/1211 1562/2419/1211 1579/2420/1211 1580/2421/1211
f 1561/2422/1212 1568/2423/1212 1585/2424/1212 1578/2425/1212
f 1567/2426/1213 1566/2427/1213 1583/2428/1213 1584/2429/1213
f 1588/2430/1194 1591/2431/1194 1589/2432/1195 1586/2433/1195
f 1587/2434/1196 1590/2435/1196 1591/2436/1194 1588/2437/1194
f 1586/2438/1195 1589/2439/1195 1590/2440/1196 1587/2441/1196
f 1593/2442/1197 1594/2443/1198 1600/2444/1199
f 1594/2443/1198 1595/2445/1200 1600/2444/1199
f 1595/2445/1200 1596/2446/1201 1600/2444/1199
f 1596/2446/1201 1597/2447/1202 1600/2444/1199
f 1597/2447/1202 1598/2448/1203 1600/2444/1199
f 1598/2448/1203 1599/2449/1204 1600/2444/1199
f 1599/2449/1204 1592/2450/1205 1600/2444/1199
f 1592/2450/1205 1593/2442/1197 1600/2444/1199
f 1599/2451/1206 1598/2452/1206 1607/2453/1206 1608/2454/1206
f 1597/2455/1207 1596/2456/1207 1605/2457/1207 1606/2458/1207
f 1595/2459/1208 1594/2460/1208 1603/2461/1208 1604/2462/1208
f 1593/2463/1209 1592/2464/1209 1601/2465/1209 1602/2466/1209
f 1596/2467/1210 1595/2468/1210 1612/2469/1210 1613/2470/1210
f 1594/2471/1211 1593/2472/1211 1610/2473/1211 1611/2474/1211
f 1592/2475/1212 1599/2476/1212 1616/2477/1212 1609/2478/1212
f 1598/2479/1213 1597/2480/1213 1614/2481/1213 1615/2482/1213
